symbol,isin,trade_date,exchange,segment,series,trade_type,auction,quantity,price,trade_id,order_id,order_execution_time
OBEROIRLTY,INE093I01010,2022-01-17,NSE,EQ,EQ,sell,false,1.000000,960.849976,51666425,1200000005437629,2022-01-17T10:09:16
SUNTECK,INE805D01034,2022-01-17,NSE,EQ,EQ,sell,false,1.000000,571.400024,76777191,1300000006221295,2022-01-17T10:09:16
PHOENIXLTD,INE211B01039,2022-01-17,NSE,EQ,EQ,sell,false,1.000000,1030.050049,51666426,1200000005437633,2022-01-17T10:09:16
BRIGADE,INE791I01019,2022-01-17,NSE,EQ,EQ,sell,false,2.000000,478.850006,1186932,1000000004729145,2022-01-17T10:09:16
EMBASSY,INE041025011,2022-01-17,NSE,EQ,RR,buy,false,5.000000,362.880005,26873242,1100000006074347,2022-01-17T10:09:18
MINDSPACE,INE0CCU25019,2022-01-17,NSE,EQ,RR,buy,false,5.000000,343.000000,51699831,1200000005545845,2022-01-17T10:11:07
BRIGADE,INE791I01019,2022-01-24,NSE,EQ,EQ,buy,false,3.000000,469.399994,5358379,1000000025589005,2022-01-24T14:39:37
PHOENIXLTD,INE211B01039,2022-01-24,NSE,EQ,EQ,buy,false,1.000000,929.450012,56418926,1200000025863086,2022-01-24T14:39:37
SOBHA,INE671H01015,2022-01-24,NSE,EQ,EQ,buy,false,2.000000,865.599976,82742540,1300000028972314,2022-01-24T14:39:37
PHOENIXLTD,INE211B01039,2022-01-24,NSE,EQ,EQ,buy,false,1.000000,929.000000,56418925,1200000025863086,2022-01-24T14:39:37
MINDSPACE,INE0CCU25019,2022-01-24,NSE,EQ,RR,buy,false,5.000000,344.000000,56418918,1200000025863064,2022-01-24T14:39:37
EMBASSY,INE041025011,2022-01-24,NSE,EQ,RR,buy,false,5.000000,361.000000,31555168,1100000026635828,2022-01-24T14:39:37
DLF,INE271C01023,2022-01-24,NSE,EQ,EQ,buy,false,5.000000,369.500000,31555169,1100000026635829,2022-01-24T14:39:37
GODREJPROP,INE484J01027,2022-01-24,NSE,EQ,EQ,buy,false,1.000000,1657.949951,31555162,1100000026635808,2022-01-24T14:39:37
OBEROIRLTY,INE093I01010,2022-01-24,NSE,EQ,EQ,buy,false,2.000000,889.500000,56418915,1200000025863060,2022-01-24T14:39:37
SUNTECK,INE805D01034,2022-01-24,NSE,EQ,EQ,buy,false,4.000000,498.500000,82742541,1300000028972319,2022-01-24T14:39:37
BRIGADE,INE791I01019,2022-01-24,NSE,EQ,EQ,buy,false,1.000000,469.299988,5358378,1000000025589005,2022-01-24T14:39:37
HEIDELBERG,INE578A01017,2022-01-24,NSE,EQ,EQ,buy,false,7.000000,222.350006,31607216,1100000026836173,2022-01-24T14:41:47
POLYPLEX,INE633B01018,2022-01-24,NSE,EQ,EQ,buy,false,1.000000,1726.050049,56470375,1200000026063675,2022-01-24T14:41:47
KEC,INE389H01022,2022-01-24,NSE,EQ,EQ,buy,false,1.000000,489.450012,56470365,1200000026063666,2022-01-24T14:41:47
ESCORTS,INE042A01014,2022-01-24,NSE,EQ,EQ,buy,false,1.000000,1848.849976,31607218,1100000026836183,2022-01-24T14:41:47
REDINGTON,INE891D01026,2022-01-24,NSE,EQ,EQ,buy,false,2.000000,150.600006,82798608,1300000029186950,2022-01-24T14:41:47
JKLAKSHMI,INE786A01032,2022-01-24,NSE,EQ,EQ,buy,false,3.000000,596.950012,56470374,1200000026063674,2022-01-24T14:41:47
CHAMBLFERT,INE085A01013,2022-01-24,NSE,EQ,EQ,buy,false,5.000000,438.600006,5401110,1000000025790279,2022-01-24T14:41:47
REDINGTON,INE891D01026,2022-01-24,NSE,EQ,EQ,buy,false,10.000000,150.600006,82798609,1300000029186950,2022-01-24T14:41:47
ISEC,INE763G01038,2022-01-24,NSE,EQ,EQ,buy,false,2.000000,721.750000,31607219,1100000026836197,2022-01-24T14:41:47
CEATLTD,INE482A01020,2022-01-24,NSE,EQ,EQ,buy,false,2.000000,1077.150024,5401108,1000000025790254,2022-01-24T14:41:47
TATASTLLP,INE674A01014,2022-01-24,NSE,EQ,EQ,buy,false,2.000000,713.849976,82798614,1300000029186976,2022-01-24T14:41:47
EQUITAS,INE988K01017,2022-01-24,NSE,EQ,EQ,buy,false,14.000000,104.349998,31607217,1100000026836182,2022-01-24T14:41:47
KEC,INE389H01022,2022-01-24,NSE,EQ,EQ,buy,false,3.000000,489.450012,56470364,1200000026063666,2022-01-24T14:41:47
ASIANPAINT,INE021A01026,2022-01-24,NSE,EQ,EQ,buy,false,2.000000,3150.449951,5670325,1000000027155985,2022-01-24T14:58:24
HINDUNILVR,INE030A01027,2022-01-24,NSE,EQ,EQ,buy,false,2.000000,2278.000000,31947862,1100000028197936,2022-01-24T14:58:24
DMART,INE192R01011,2022-01-24,NSE,EQ,EQ,buy,false,1.000000,4014.449951,31947864,1100000028197939,2022-01-24T14:58:24
WIPRO,INE075A01022,2022-01-27,NSE,EQ,EQ,buy,false,20.000000,541.500000,79248852,1300000015493587,2022-01-27T11:55:19
IBULHSGFIN,INE148I01020,2022-01-27,NSE,EQ,EQ,buy,false,50.000000,204.399994,29366370,1100000015767025,2022-01-27T12:20:46
WHIRLPOOL,INE716A01013,2022-02-07,NSE,EQ,EQ,buy,false,3.000000,1792.699951,80890587,1300000025634080,2022-02-07T15:11:42
RELAXO,INE131B01039,2022-02-07,NSE,EQ,EQ,buy,false,1.000000,1291.699951,80890590,1300000025634082,2022-02-07T15:11:42
RELAXO,INE131B01039,2022-02-07,NSE,EQ,EQ,buy,false,1.000000,1291.699951,80890588,1300000025634082,2022-02-07T15:11:42
RELAXO,INE131B01039,2022-02-07,NSE,EQ,EQ,buy,false,1.000000,1291.699951,80890591,1300000025634082,2022-02-07T15:11:42
RELAXO,INE131B01039,2022-02-07,NSE,EQ,EQ,buy,false,4.000000,1291.699951,80890592,1300000025634082,2022-02-07T15:11:42
CANBK,INE476A01014,2022-02-07,NSE,EQ,EQ,buy,false,20.000000,259.000000,4311427,1000000023067356,2022-02-07T15:11:42
PNB,INE160A01022,2022-02-07,NSE,EQ,EQ,buy,false,120.000000,41.700001,54594849,1200000023686604,2022-02-07T15:11:42
RELAXO,INE131B01039,2022-02-07,NSE,EQ,EQ,buy,false,1.000000,1291.699951,80890589,1300000025634082,2022-02-07T15:11:42
ASTRAL,INE006I01046,2022-02-07,NSE,EQ,EQ,buy,false,2.000000,2117.000000,4311426,1000000023067355,2022-02-07T15:11:42
MPHASIS,INE356A01018,2022-02-14,NSE,EQ,EQ,buy,false,1.000000,2953.500000,51073639,1200000003477995,2022-02-14T09:33:52
OFSS,INE881D01027,2022-02-14,NSE,EQ,EQ,buy,false,3.000000,3578.600098,51073640,1200000003477998,2022-02-14T09:33:52
COFORGE,INE591G01017,2022-02-14,NSE,EQ,EQ,buy,false,1.000000,4460.600098,918639,1000000003066613,2022-02-14T09:33:52
TCS,INE467B01029,2022-02-14,NSE,EQ,EQ,buy,false,3.000000,3762.250000,76264573,1300000003782517,2022-02-14T09:33:52
PERSISTENT,INE262H01013,2022-02-14,NSE,EQ,EQ,buy,false,2.000000,4092.199951,51073641,1200000003478001,2022-02-14T09:33:52
MPHASIS,INE356A01018,2022-02-14,NSE,EQ,EQ,buy,false,1.000000,2953.500000,51073638,1200000003477995,2022-02-14T09:33:52
WIPRO,INE075A01022,2022-02-14,NSE,EQ,EQ,buy,false,14.000000,552.000000,76264574,1300000003782524,2022-02-14T09:33:52
LTI,INE214T01019,2022-02-14,NSE,EQ,EQ,buy,false,1.000000,5894.399902,51073637,1200000003477965,2022-02-14T09:33:52
TECHM,INE669C01036,2022-02-14,NSE,EQ,EQ,buy,false,5.000000,1390.750000,76264577,1300000003782532,2022-02-14T09:33:52
INFY,INE009A01021,2022-02-14,NSE,EQ,EQ,buy,false,6.000000,1697.849976,26061099,1100000003464472,2022-02-14T09:33:52
HCLTECH,INE860A01027,2022-02-14,NSE,EQ,EQ,buy,false,7.000000,1142.699951,26061080,1100000003464448,2022-02-14T09:33:52
INFY,INE009A01021,2022-02-14,NSE,EQ,EQ,buy,false,2.000000,1698.349976,26258461,1100000004299233,2022-02-14T09:40:30
HINDUNILVR,INE030A01027,2022-02-14,NSE,EQ,EQ,buy,false,2.000000,2211.000000,26258466,1100000004299237,2022-02-14T09:40:30
ASIANPAINT,INE021A01026,2022-02-14,NSE,EQ,EQ,buy,false,1.000000,3169.000000,1082610,1000000003860949,2022-02-14T09:40:30
PERSISTENT,INE262H01013,2022-02-14,NSE,EQ,EQ,buy,false,1.000000,4103.399902,51288225,1200000004413869,2022-02-14T09:40:30
LAOPALA,INE059D01020,2022-02-14,NSE,EQ,EQ,buy,false,1.000000,366.450012,51288222,1200000004413840,2022-02-14T09:40:30
RELIANCE,INE002A01018,2022-02-14,NSE,EQ,EQ,buy,false,2.000000,2322.500000,76519244,1300000004736859,2022-02-14T09:40:30
LAOPALA,INE059D01020,2022-02-14,NSE,EQ,EQ,buy,false,11.000000,366.450012,51288223,1200000004413840,2022-02-14T09:40:30
PIDILITIND,INE318A01026,2022-02-14,NSE,EQ,EQ,buy,false,2.000000,2389.800049,51288224,1200000004413844,2022-02-14T09:40:30
ITC,INE154A01025,2022-02-14,NSE,EQ,EQ,buy,false,20.000000,222.500000,26258460,1100000004299232,2022-02-14T09:40:30
HDFC,INE001A01036,2022-02-14,NSE,EQ,EQ,buy,false,2.000000,2335.050049,26258459,1100000004299228,2022-02-14T09:40:30
INFY,INE009A01021,2022-02-14,NSE,EQ,EQ,buy,false,1.000000,1698.349976,26258462,1100000004299233,2022-02-14T09:40:30
ALKYLAMINE,INE150B01039,2022-02-14,NSE,EQ,EQ,buy,false,7.000000,3034.199951,1341899,1000000005161039,2022-02-14T09:53:10
BERGEPAINT,INE463A01038,2022-02-14,NSE,EQ,EQ,buy,false,12.000000,704.400024,1341893,1000000005161004,2022-02-14T09:53:10
PIDILITIND,INE318A01026,2022-02-14,NSE,EQ,EQ,buy,false,5.000000,2404.000000,51605693,1200000005963979,2022-02-14T09:53:10
CDSL,INE736A01011,2022-02-28,NSE,EQ,EQ,buy,false,4.000000,1350.050049,4814890,1000000026936997,2022-02-28T15:19:20
RELAXO,INE131B01039,2022-02-28,NSE,EQ,EQ,buy,false,4.000000,1215.000000,80520854,1300000026599120,2022-02-28T15:19:20
HINDUNILVR,INE030A01027,2022-02-28,NSE,EQ,EQ,buy,false,2.000000,2174.800049,31371334,1100000026769670,2022-02-28T15:19:20
WHIRLPOOL,INE716A01013,2022-02-28,NSE,EQ,EQ,buy,false,2.000000,1677.400024,80520853,1300000026599118,2022-02-28T15:19:20
HAPPSTMNDS,INE419U01012,2022-03-02,NSE,EQ,EQ,buy,false,5.000000,992.200012,26955543,1100000006719386,2022-03-02T10:14:09
IEX,INE022Q01020,2022-03-02,NSE,EQ,EQ,buy,false,30.000000,210.199997,26955539,1100000006719378,2022-03-02T10:14:09
HDFCBANK,INE040A01034,2022-03-02,NSE,EQ,EQ,buy,false,4.000000,1379.099976,26955540,1100000006719380,2022-03-02T10:14:09
GMMPFAUDLR,INE541A01023,2022-03-02,NSE,EQ,EQ,buy,false,1.000000,4416.700195,26955542,1100000006719381,2022-03-02T10:14:09
GMMPFAUDLR,INE541A01023,2022-03-02,NSE,EQ,EQ,buy,false,1.000000,4416.649902,26955541,1100000006719381,2022-03-02T10:14:09
TANLA,INE483C01032,2022-03-02,NSE,EQ,EQ,buy,false,3.000000,1564.750000,76739077,1300000007000288,2022-03-02T10:14:09
AFFLE,INE00WC01027,2022-03-02,NSE,EQ,EQ,buy,false,3.000000,1208.000000,1447572,1000000006118779,2022-03-02T10:14:09
AFFLE,INE00WC01027,2022-03-02,NSE,EQ,EQ,buy,false,2.000000,1207.949951,1447571,1000000006118779,2022-03-02T10:14:09
TANLA,INE483C01032,2022-03-02,NSE,EQ,EQ,buy,false,2.000000,1564.750000,76739078,1300000007000288,2022-03-02T10:14:09
MUTHOOTFIN,INE414G01012,2022-03-02,NSE,EQ,EQ,buy,false,5.000000,1369.599976,51461240,1200000006601194,2022-03-02T10:14:09
VINATIORGA,INE410B01037,2022-03-02,NSE,EQ,EQ,buy,false,3.000000,1860.000000,76833263,1300000007399300,2022-03-02T10:18:42
VINATIORGA,INE410B01037,2022-03-02,NSE,EQ,EQ,buy,false,1.000000,1860.000000,76833264,1300000007399300,2022-03-02T10:18:42
VINATIORGA,INE410B01037,2022-03-02,NSE,EQ,EQ,buy,false,1.000000,1860.000000,76833265,1300000007399300,2022-03-02T10:18:42
HDFCBANK,INE040A01034,2022-03-04,NSE,EQ,EQ,buy,false,8.000000,1344.250000,27597622,1100000009478947,2022-03-04T10:49:15
HINDUNILVR,INE030A01027,2022-03-04,NSE,EQ,EQ,buy,false,2.000000,2002.849976,27597619,1100000009478942,2022-03-04T10:49:15
BERGEPAINT,INE463A01038,2022-03-04,NSE,EQ,EQ,buy,false,12.000000,644.900024,1925959,1000000008660789,2022-03-04T10:49:15
IEX,INE022Q01020,2022-03-04,NSE,EQ,EQ,buy,false,10.000000,211.350006,27597620,1100000009478944,2022-03-04T10:49:15
HINDUNILVR,INE030A01027,2022-03-04,NSE,EQ,EQ,buy,false,4.000000,2002.800049,27597618,1100000009478942,2022-03-04T10:49:15
INFY,INE009A01021,2022-03-16,NSE,EQ,EQ,sell,false,1.000000,1867.000000,27351521,1100000009630817,2022-03-16T11:33:49
OFSS,INE881D01027,2022-03-16,NSE,EQ,EQ,sell,false,1.000000,3501.050049,52532185,1200000010758340,2022-03-16T11:33:49
WIPRO,INE075A01022,2022-03-16,NSE,EQ,EQ,sell,false,2.000000,596.150024,77164985,1300000009467924,2022-03-16T11:33:49
HCLTECH,INE860A01027,2022-03-16,NSE,EQ,EQ,sell,false,1.000000,1189.500000,27351528,1100000009630849,2022-03-16T11:33:49
PERSISTENT,INE262H01013,2022-03-16,NSE,EQ,EQ,sell,false,1.000000,4425.649902,52532186,1200000010758341,2022-03-16T11:33:49
KPITTECH,INE04I401011,2022-03-16,NSE,EQ,EQ,buy,false,10.000000,574.900024,52532424,1200000010759651,2022-03-16T11:33:51
MINDTREE,INE018I01017,2022-03-16,NSE,EQ,EQ,buy,false,1.000000,3923.300049,52532423,1200000010759648,2022-03-16T11:33:51
SJVN,INE002L01015,2022-03-17,NSE,EQ,EQ,sell,false,19.000000,27.950001,76607512,1300000005744186,2022-03-17T10:18:05
IGL,INE203G01027,2022-03-17,NSE,EQ,EQ,buy,false,2.000000,396.000000,26558241,1100000005328399,2022-03-17T10:18:07
TORNTPOWER,INE813H01021,2022-03-17,NSE,EQ,EQ,buy,false,3.000000,487.899994,76607897,1300000005745999,2022-03-17T10:18:07
HINDALCO,INE038A01020,2022-03-17,NSE,EQ,EQ,sell,false,2.000000,581.299988,26567100,1100000005355064,2022-03-17T10:18:35
TATASTEEL,INE081A01012,2022-03-17,NSE,EQ,EQ,sell,false,1.000000,1282.250000,76614484,1300000005772306,2022-03-17T10:18:35
MOIL,INE490G01020,2022-03-17,NSE,EQ,EQ,sell,false,3.000000,174.199997,51422541,1200000005668504,2022-03-17T10:18:35
NMDC,INE584A01023,2022-03-17,NSE,EQ,EQ,sell,false,5.000000,151.350006,51422544,1200000005668510,2022-03-17T10:18:35
RATNAMANI,INE703B01027,2022-03-17,NSE,EQ,EQ,buy,false,1.000000,2229.899902,76615098,1300000005774152,2022-03-17T10:18:37
RATNAMANI,INE703B01027,2022-03-17,NSE,EQ,EQ,buy,false,1.000000,2229.550049,76615097,1300000005774152,2022-03-17T10:18:37
HEIDELBERG,INE578A01017,2022-03-17,NSE,EQ,EQ,sell,false,12.000000,202.550003,26573242,1100000005378608,2022-03-17T10:19:02
HEIDELBERG,INE578A01017,2022-03-17,NSE,EQ,EQ,sell,false,1.000000,202.600006,26573241,1100000005378608,2022-03-17T10:19:02
HEIDELBERG,INE578A01017,2022-03-17,NSE,EQ,EQ,sell,false,6.000000,202.649994,26573239,1100000005378608,2022-03-17T10:19:02
CEATLTD,INE482A01020,2022-03-17,NSE,EQ,EQ,sell,false,5.000000,1015.500000,1319581,1000000005031186,2022-03-17T10:19:02
CHAMBLFERT,INE085A01013,2022-03-17,NSE,EQ,EQ,sell,false,4.000000,409.600006,1319580,1000000005031175,2022-03-17T10:19:02
HEIDELBERG,INE578A01017,2022-03-17,NSE,EQ,EQ,sell,false,2.000000,202.600006,26573240,1100000005378608,2022-03-17T10:19:02
ESCORTS,INE042A01014,2022-03-17,NSE,EQ,EQ,sell,false,3.000000,1835.150024,26573238,1100000005378606,2022-03-17T10:19:02
POLYPLEX,INE633B01018,2022-03-17,NSE,EQ,EQ,sell,false,1.000000,2146.000000,51428018,1200000005692400,2022-03-17T10:19:02
REDINGTON,INE891D01026,2022-03-17,NSE,EQ,EQ,sell,false,5.000000,149.250000,76620854,1300000005798295,2022-03-17T10:19:02
HGINFRA,INE926X01010,2022-03-17,NSE,EQ,EQ,buy,false,2.000000,590.049988,26573751,1100000005380558,2022-03-17T10:19:04
HGINFRA,INE926X01010,2022-03-17,NSE,EQ,EQ,buy,false,1.000000,590.000000,26573750,1100000005380558,2022-03-17T10:19:04
KIRLFER,INE884B01025,2022-03-17,NSE,EQ,EQ,buy,false,15.000000,226.250000,51428583,1200000005694303,2022-03-17T10:19:04
MOTILALOFS,INE338I01027,2022-03-17,NSE,EQ,EQ,buy,false,5.000000,854.000000,51428581,1200000005694301,2022-03-17T10:19:04
KIRLFER,INE884B01025,2022-03-17,NSE,EQ,EQ,buy,false,5.000000,226.250000,51428582,1200000005694303,2022-03-17T10:19:04
HGINFRA,INE926X01010,2022-03-17,NSE,EQ,EQ,buy,false,5.000000,590.049988,26573752,1100000005380558,2022-03-17T10:19:04
SAGCEM,INE229C01021,2022-03-17,NSE,EQ,EQ,buy,false,19.000000,232.350006,76621357,1300000005800248,2022-03-17T10:19:04
ISEC,INE763G01038,2022-03-17,NSE,EQ,EQ,buy,false,1.000000,613.250000,26573746,1100000005380533,2022-03-17T10:19:04
HDFCLIFE,INE795G01014,2022-03-31,NSE,EQ,EQ,buy,false,2.000000,539.200012,30196361,1100000020531477,2022-03-31T15:08:16
HDFCLIFE,INE795G01014,2022-03-31,NSE,EQ,EQ,buy,false,15.000000,539.200012,30196362,1100000020531477,2022-03-31T15:08:16
SRF,INE647A01010,2022-03-31,NSE,EQ,EQ,buy,false,2.000000,2687.800049,79563615,1300000019621085,2022-03-31T15:08:16
HCLTECH,INE860A01027,2022-03-31,NSE,EQ,EQ,buy,false,10.000000,1162.849976,30196375,1100000020531514,2022-03-31T15:08:16
GMMPFAUDLR,INE541A01023,2022-03-31,NSE,EQ,EQ,buy,false,2.000000,4429.649902,30196359,1100000020531475,2022-03-31T15:08:16
MUTHOOTFIN,INE414G01012,2022-03-31,NSE,EQ,EQ,buy,false,8.000000,1328.900024,54168935,1200000020273438,2022-03-31T15:08:16
HAPPSTMNDS,INE419U01012,2022-03-31,NSE,EQ,EQ,buy,false,3.000000,1056.849976,30196354,1100000020531470,2022-03-31T15:08:16
POLYCAB,INE455K01017,2022-03-31,NSE,EQ,EQ,buy,false,2.000000,2367.750000,54168934,1200000020273436,2022-03-31T15:08:16
HINDUNILVR,INE030A01027,2022-03-31,NSE,EQ,EQ,buy,false,5.000000,2050.899902,30196356,1100000020531471,2022-03-31T15:08:16
HDFCBANK,INE040A01034,2022-03-31,NSE,EQ,EQ,buy,false,7.000000,1471.199951,30196357,1100000020531473,2022-03-31T15:08:16
HAPPSTMNDS,INE419U01012,2022-03-31,NSE,EQ,EQ,buy,false,7.000000,1056.849976,30196355,1100000020531470,2022-03-31T15:08:16
IEX,INE022Q01020,2022-03-31,NSE,EQ,EQ,buy,false,20.000000,225.199997,30196358,1100000020531474,2022-03-31T15:08:16
HDFCLIFE,INE795G01014,2022-03-31,NSE,EQ,EQ,buy,false,3.000000,539.200012,30196360,1100000020531477,2022-03-31T15:08:16
ALKYLAMINE,INE150B01039,2022-03-31,NSE,EQ,EQ,buy,false,5.000000,2865.500000,4292937,1000000021258783,2022-03-31T15:08:16
CAMS,INE596I01012,2022-03-31,NSE,EQ,EQ,buy,false,3.000000,2320.300049,4292936,1000000021258781,2022-03-31T15:08:16
CAMS,INE596I01012,2022-03-31,NSE,EQ,EQ,buy,false,1.000000,2320.300049,4292935,1000000021258781,2022-03-31T15:08:16
ASTRAL,INE006I01046,2022-04-11,NSE,EQ,EQ,buy,false,2.000000,2088.399902,4080777,1000000016400128,2022-04-11T14:30:33
HINDUNILVR,INE030A01027,2022-04-11,NSE,EQ,EQ,buy,false,4.000000,2171.100098,30217001,1100000016961504,2022-04-11T14:30:33
ASTRAL,INE006I01046,2022-04-11,NSE,EQ,EQ,buy,false,1.000000,2089.149902,4080779,1000000016400128,2022-04-11T14:30:33
MARICO,INE196A01026,2022-04-11,NSE,EQ,EQ,buy,false,2.000000,523.750000,54356672,1200000017328334,2022-04-11T14:30:33
HCLTECH,INE860A01027,2022-04-11,NSE,EQ,EQ,buy,false,9.000000,1137.650024,30217005,1100000016961515,2022-04-11T14:30:33
MARICO,INE196A01026,2022-04-11,NSE,EQ,EQ,buy,false,2.000000,523.750000,54356674,1200000017328334,2022-04-11T14:30:33
ASIANPAINT,INE021A01026,2022-04-11,NSE,EQ,EQ,buy,false,3.000000,3170.100098,4080773,1000000016400120,2022-04-11T14:30:33
ASTRAL,INE006I01046,2022-04-11,NSE,EQ,EQ,buy,false,1.000000,2089.000000,4080778,1000000016400128,2022-04-11T14:30:33
DIVISLAB,INE361B01024,2022-04-11,NSE,EQ,EQ,buy,false,3.000000,4504.149902,30217002,1100000016961506,2022-04-11T14:30:33
BRITANNIA,INE216A01030,2022-04-11,NSE,EQ,EQ,buy,false,3.000000,3356.449951,4080772,1000000016400117,2022-04-11T14:30:33
BERGEPAINT,INE463A01038,2022-04-11,NSE,EQ,EQ,buy,false,8.000000,736.549988,4080776,1000000016400123,2022-04-11T14:30:33
BERGEPAINT,INE463A01038,2022-04-11,NSE,EQ,EQ,buy,false,3.000000,736.549988,4080775,1000000016400123,2022-04-11T14:30:33
BERGEPAINT,INE463A01038,2022-04-11,NSE,EQ,EQ,buy,false,2.000000,736.400024,4080774,1000000016400123,2022-04-11T14:30:33
HDFCBANK,INE040A01034,2022-04-11,NSE,EQ,EQ,buy,false,7.000000,1502.449951,30217004,1100000016961512,2022-04-11T14:30:33
RELAXO,INE131B01039,2022-04-11,NSE,EQ,EQ,buy,false,8.000000,1164.699951,80259876,1300000018241927,2022-04-11T14:30:33
MARICO,INE196A01026,2022-04-11,NSE,EQ,EQ,buy,false,1.000000,523.750000,54356673,1200000017328334,2022-04-11T14:30:33
MARICO,INE196A01026,2022-04-11,NSE,EQ,EQ,buy,false,1.000000,523.750000,54356670,1200000017328334,2022-04-11T14:30:33
MARICO,INE196A01026,2022-04-11,NSE,EQ,EQ,buy,false,1.000000,523.750000,54356671,1200000017328334,2022-04-11T14:30:33
MARICO,INE196A01026,2022-04-11,NSE,EQ,EQ,buy,false,13.000000,523.750000,54356669,1200000017328334,2022-04-11T14:30:33
OFSS,INE881D01027,2022-04-11,NSE,EQ,EQ,buy,false,2.000000,3693.949951,55067890,1200000019696713,2022-04-11T15:13:44
LTI,INE214T01019,2022-04-11,NSE,EQ,EQ,buy,false,1.000000,6063.000000,55067888,1200000019696705,2022-04-11T15:13:44
INFY,INE009A01021,2022-04-11,NSE,EQ,EQ,buy,false,4.000000,1766.150024,31001834,1100000019139305,2022-04-11T15:13:44
COFORGE,INE591G01017,2022-04-11,NSE,EQ,EQ,buy,false,1.000000,4315.799805,4611742,1000000018259751,2022-04-11T15:13:44
INFY,INE009A01021,2022-04-11,NSE,EQ,EQ,buy,false,1.000000,1766.099976,31001833,1100000019139305,2022-04-11T15:13:44
MPHASIS,INE356A01018,2022-04-11,NSE,EQ,EQ,buy,false,1.000000,3132.949951,55067880,1200000019696693,2022-04-11T15:13:44
TECHM,INE669C01036,2022-04-11,NSE,EQ,EQ,buy,false,4.000000,1450.949951,81056486,1300000020560305,2022-04-11T15:13:44
KPITTECH,INE04I401011,2022-04-11,NSE,EQ,EQ,buy,false,9.000000,599.950012,55067889,1200000019696712,2022-04-11T15:13:44
MINDTREE,INE018I01017,2022-04-11,NSE,EQ,EQ,buy,false,1.000000,4235.049805,55067886,1200000019696700,2022-04-11T15:13:44
PERSISTENT,INE262H01013,2022-04-11,NSE,EQ,EQ,buy,false,2.000000,4508.899902,55067887,1200000019696702,2022-04-11T15:13:44
WIPRO,INE075A01022,2022-04-11,NSE,EQ,EQ,buy,false,12.000000,571.450012,81056487,1300000020560307,2022-04-11T15:13:44
HCLTECH,INE860A01027,2022-04-11,NSE,EQ,EQ,buy,false,7.000000,1133.949951,31001832,1100000019139304,2022-04-11T15:13:44
TCS,INE467B01029,2022-04-11,NSE,EQ,EQ,buy,false,3.000000,3699.850098,81056488,1300000020560309,2022-04-11T15:13:44
LAOPALA,INE059D01020,2022-04-18,NSE,EQ,EQ,buy,false,4.000000,381.700012,51339546,1200000005292914,2022-04-18T09:57:13
INFY,INE009A01021,2022-04-18,NSE,EQ,EQ,buy,false,4.000000,1626.099976,26632509,1100000005479566,2022-04-18T09:57:13
HINDUNILVR,INE030A01027,2022-04-18,NSE,EQ,EQ,buy,false,3.000000,2147.850098,26632510,1100000005479575,2022-04-18T09:57:13
LAOPALA,INE059D01020,2022-04-18,NSE,EQ,EQ,buy,false,11.000000,381.600006,51339544,1200000005292914,2022-04-18T09:57:13
HDFC,INE001A01036,2022-04-18,NSE,EQ,EQ,buy,false,3.000000,2301.000000,26632512,1100000005479578,2022-04-18T09:57:13
LAOPALA,INE059D01020,2022-04-18,NSE,EQ,EQ,buy,false,2.000000,381.600006,51339545,1200000005292914,2022-04-18T09:57:13
ASIANPAINT,INE021A01026,2022-04-18,NSE,EQ,EQ,buy,false,3.000000,3032.050049,1172471,1000000004464596,2022-04-18T09:57:13
PERSISTENT,INE262H01013,2022-04-18,NSE,EQ,EQ,buy,false,2.000000,4281.950195,51339547,1200000005292923,2022-04-18T09:57:13
RELIANCE,INE002A01018,2022-04-18,NSE,EQ,EQ,buy,false,2.000000,2537.850098,76801963,1300000005783451,2022-04-18T09:57:13
PIDILITIND,INE318A01026,2022-04-18,NSE,EQ,EQ,buy,false,3.000000,2352.500000,51339551,1200000005292928,2022-04-18T09:57:13
ITC,INE154A01025,2022-04-18,NSE,EQ,EQ,buy,false,21.000000,271.100006,26632508,1100000005479565,2022-04-18T09:57:13
WIPRO,INE075A01022,2022-04-19,NSE,EQ,EQ,buy,false,11.000000,530.650024,80858605,1300000020921930,2022-04-19T15:07:09
KPITTECH,INE04I401011,2022-04-19,NSE,EQ,EQ,buy,false,10.000000,549.400024,55191991,1200000022114490,2022-04-19T15:07:09
OFSS,INE881D01027,2022-04-19,NSE,EQ,EQ,buy,false,2.000000,3566.399902,55191989,1200000022114484,2022-04-19T15:07:09
COFORGE,INE591G01017,2022-04-19,NSE,EQ,EQ,buy,false,1.000000,4039.850098,4889699,1000000018487097,2022-04-19T15:07:09
HCLTECH,INE860A01027,2022-04-19,NSE,EQ,EQ,buy,false,6.000000,1073.300049,31702696,1100000021541048,2022-04-19T15:07:09
INFY,INE009A01021,2022-04-19,NSE,EQ,EQ,buy,false,6.000000,1562.500000,31702685,1100000021541038,2022-04-19T15:07:09
TCS,INE467B01029,2022-04-19,NSE,EQ,EQ,buy,false,2.000000,3490.100098,80858603,1300000020921927,2022-04-19T15:07:09
LTI,INE214T01019,2022-04-19,NSE,EQ,EQ,buy,false,1.000000,5521.850098,55191992,1200000022114511,2022-04-19T15:07:09
TECHM,INE669C01036,2022-04-19,NSE,EQ,EQ,buy,false,5.000000,1304.449951,80858604,1300000020921929,2022-04-19T15:07:09
MINDTREE,INE018I01017,2022-04-19,NSE,EQ,EQ,buy,false,2.000000,3663.000000,55191990,1200000022114489,2022-04-19T15:07:09
PERSISTENT,INE262H01013,2022-04-19,NSE,EQ,EQ,buy,false,1.000000,4207.000000,55191988,1200000022114483,2022-04-19T15:07:09
MPHASIS,INE356A01018,2022-04-19,NSE,EQ,EQ,buy,false,1.000000,2871.350098,55192007,1200000022114539,2022-04-19T15:07:10
MPHASIS,INE356A01018,2022-04-19,NSE,EQ,EQ,buy,false,1.000000,2871.350098,55192006,1200000022114539,2022-04-19T15:07:10
TRENT,INE849A01020,2022-04-25,NSE,EQ,EQ,buy,false,5.000000,1243.900024,79675939,1300000018706967,2022-04-25T14:42:06
TITAN,INE280A01028,2022-04-25,NSE,EQ,EQ,buy,false,3.000000,2454.199951,79675940,1300000018706986,2022-04-25T14:42:06
TCS,INE467B01029,2022-04-25,NSE,EQ,EQ,buy,false,4.000000,3556.399902,79675935,1300000018706956,2022-04-25T14:42:06
TATAELXSI,INE670A01012,2022-04-25,NSE,EQ,EQ,buy,false,1.000000,8028.700195,79675931,1300000018706951,2022-04-25T14:42:06
TATAPOWER,INE245A01021,2022-04-25,NSE,EQ,EQ,buy,false,19.000000,245.850006,79675941,1300000018706992,2022-04-25T14:42:06
VOLTAS,INE226A01021,2022-04-25,NSE,EQ,EQ,buy,false,6.000000,1237.099976,79675933,1300000018706953,2022-04-25T14:42:06
TATACHEM,INE092A01019,2022-04-25,NSE,EQ,EQ,buy,false,6.000000,936.049988,79675934,1300000018706954,2022-04-25T14:42:06
TATACONSUM,INE192A01025,2022-04-25,NSE,EQ,EQ,buy,false,12.000000,793.099976,79675932,1300000018706952,2022-04-25T14:42:06
TATASTEEL,INE081A01012,2022-04-25,NSE,EQ,EQ,buy,false,5.000000,1214.599976,79675937,1300000018706961,2022-04-25T14:42:06
TRENT,INE849A01020,2022-04-25,NSE,EQ,EQ,buy,false,2.000000,1243.550049,79675938,1300000018706967,2022-04-25T14:42:06
OFSS,INE881D01027,2022-04-27,NSE,EQ,EQ,buy,false,2.000000,3499.000000,55043233,1200000021303065,2022-04-27T15:19:05
LTI,INE214T01019,2022-04-27,NSE,EQ,EQ,buy,false,1.000000,4805.250000,55043235,1200000021303068,2022-04-27T15:19:05
MPHASIS,INE356A01018,2022-04-27,NSE,EQ,EQ,buy,false,2.000000,2797.399902,55043236,1200000021303070,2022-04-27T15:19:05
HCLTECH,INE860A01027,2022-04-27,NSE,EQ,EQ,buy,false,6.000000,1096.900024,30267132,1100000019566412,2022-04-27T15:19:05
KPITTECH,INE04I401011,2022-04-27,NSE,EQ,EQ,buy,false,7.000000,588.000000,55043234,1200000021303066,2022-04-27T15:19:05
TECHM,INE669C01036,2022-04-27,NSE,EQ,EQ,buy,false,5.000000,1260.300049,80602812,1300000021962658,2022-04-27T15:19:05
MINDTREE,INE018I01017,2022-04-27,NSE,EQ,EQ,buy,false,1.000000,3535.000000,55043232,1200000021303064,2022-04-27T15:19:05
COFORGE,INE591G01017,2022-04-27,NSE,EQ,EQ,buy,false,1.000000,4036.750000,5391893,1000000020787231,2022-04-27T15:19:05
INFY,INE009A01021,2022-04-27,NSE,EQ,EQ,buy,false,5.000000,1551.800049,30267129,1100000019566405,2022-04-27T15:19:05
WIPRO,INE075A01022,2022-04-27,NSE,EQ,EQ,buy,false,13.000000,517.599976,80602818,1300000021962666,2022-04-27T15:19:05
PERSISTENT,INE262H01013,2022-04-27,NSE,EQ,EQ,buy,false,1.000000,4063.199951,55043237,1200000021303074,2022-04-27T15:19:05
TCS,INE467B01029,2022-04-27,NSE,EQ,EQ,buy,false,2.000000,3562.600098,80602839,1300000021962752,2022-04-27T15:19:06
HDFC,INE001A01036,2022-04-27,NSE,EQ,EQ,buy,false,1.000000,2218.000000,30287204,1100000019609967,2022-04-27T15:19:53
HDFC,INE001A01036,2022-04-27,NSE,EQ,EQ,buy,false,3.000000,2218.000000,30287203,1100000019609967,2022-04-27T15:19:53
GODREJCP,INE102D01028,2022-04-27,NSE,EQ,EQ,buy,false,12.000000,792.650024,30287202,1100000019609963,2022-04-27T15:19:53
KOTAKBANK,INE237A01028,2022-04-27,NSE,EQ,EQ,buy,false,7.000000,1741.099976,55059888,1200000021344549,2022-04-27T15:19:53
HDFCBANK,INE040A01034,2022-04-27,NSE,EQ,EQ,buy,false,16.000000,1372.400024,30287205,1100000019609968,2022-04-27T15:19:53
ITC,INE154A01025,2022-04-27,NSE,EQ,EQ,buy,false,3.000000,257.750000,30287201,1100000019609960,2022-04-27T15:19:53
ASTRAL,INE006I01046,2022-05-04,NSE,EQ,EQ,buy,false,4.000000,2052.250000,2934173,1000000012247350,2022-05-04T12:38:25
ASTRAL,INE006I01046,2022-05-04,NSE,EQ,EQ,buy,false,1.000000,2052.250000,2934174,1000000012247350,2022-05-04T12:38:25
WIPRO,INE075A01022,2022-05-04,NSE,EQ,EQ,buy,false,20.000000,495.549988,78544924,1300000013478289,2022-05-04T12:38:25
IEX,INE022Q01020,2022-05-04,NSE,EQ,EQ,buy,false,40.000000,205.050003,28115840,1100000012205104,2022-05-04T12:38:25
DEEPAKNTR,INE288B01029,2022-05-06,NSE,EQ,EQ,buy,false,6.000000,2050.850098,28605333,1100000015690181,2022-05-06T12:44:55
BAJFINANCE,INE296A01024,2022-05-06,NSE,EQ,EQ,buy,false,3.000000,6047.250000,3208493,1000000016176418,2022-05-06T12:44:55
LAURUSLABS,INE947Q01028,2022-05-10,NSE,EQ,EQ,buy,false,17.000000,525.099976,54397555,1200000022416585,2022-05-10T15:17:49
LAURUSLABS,INE947Q01028,2022-05-10,NSE,EQ,EQ,buy,false,2.000000,525.099976,54397557,1200000022416585,2022-05-10T15:17:49
BSOFT,INE836A01035,2022-05-10,NSE,EQ,EQ,buy,false,17.000000,376.950012,4443802,1000000020437197,2022-05-10T15:17:49
BSOFT,INE836A01035,2022-05-10,NSE,EQ,EQ,buy,false,13.000000,376.950012,4443803,1000000020437197,2022-05-10T15:17:49
LAURUSLABS,INE947Q01028,2022-05-10,NSE,EQ,EQ,buy,false,1.000000,525.099976,54397556,1200000022416585,2022-05-10T15:17:49
POLYPLEX,INE633B01018,2022-05-10,NSE,EQ,EQ,buy,false,3.000000,2452.850098,54397554,1200000022416571,2022-05-10T15:17:49
TANLA,INE483C01032,2022-05-10,NSE,EQ,EQ,buy,false,8.000000,1229.000000,81304623,1300000023682468,2022-05-10T15:17:49
TITAN,INE280A01028,2022-05-10,NSE,EQ,EQ,buy,false,6.000000,2130.050049,81304625,1300000023682471,2022-05-10T15:17:49
INFY,INE009A01021,2022-05-16,NSE,EQ,EQ,buy,false,6.000000,1502.949951,25260586,1100000000996312,2022-05-16T09:20:48
HCLTECH,INE860A01027,2022-05-16,NSE,EQ,EQ,buy,false,6.000000,1061.250000,25260585,1100000000996310,2022-05-16T09:20:48
MINDTREE,INE018I01017,2022-05-16,NSE,EQ,EQ,buy,false,2.000000,2986.800049,50211395,1200000000879886,2022-05-16T09:20:48
WIPRO,INE075A01022,2022-05-16,NSE,EQ,EQ,buy,false,17.000000,471.549988,75333487,1300000001086576,2022-05-16T09:20:48
PERSISTENT,INE262H01013,2022-05-16,NSE,EQ,EQ,buy,false,2.000000,3632.300049,50211398,1200000000879911,2022-05-16T09:20:48
MPHASIS,INE356A01018,2022-05-16,NSE,EQ,EQ,buy,false,3.000000,2464.500000,50211397,1200000000879905,2022-05-16T09:20:48
HCLTECH,INE860A01027,2022-05-16,NSE,EQ,EQ,buy,false,1.000000,1061.199951,25260584,1100000000996310,2022-05-16T09:20:48
COFORGE,INE591G01017,2022-05-16,NSE,EQ,EQ,buy,false,1.000000,3779.399902,311181,1000000000982812,2022-05-16T09:20:48
KPITTECH,INE04I401011,2022-05-16,NSE,EQ,EQ,buy,false,16.000000,504.250000,50211399,1200000000879913,2022-05-16T09:20:48
TECHM,INE669C01036,2022-05-16,NSE,EQ,EQ,buy,false,4.000000,1193.050049,75333491,1300000001086583,2022-05-16T09:20:48
TCS,INE467B01029,2022-05-16,NSE,EQ,EQ,buy,false,4.000000,3412.449951,75333489,1300000001086580,2022-05-16T09:20:48
LTI,INE214T01019,2022-05-16,NSE,EQ,EQ,buy,false,2.000000,4150.000000,50211400,1200000000879915,2022-05-16T09:20:48
TECHM,INE669C01036,2022-05-16,NSE,EQ,EQ,buy,false,2.000000,1193.000000,75333490,1300000001086583,2022-05-16T09:20:48
OFSS,INE881D01027,2022-05-16,NSE,EQ,EQ,buy,false,3.000000,3211.449951,50211396,1200000000879904,2022-05-16T09:20:48
AFFLE,INE00WC01027,2022-06-08,NSE,EQ,EQ,buy,false,5.000000,1002.450012,3313040,1000000016279124,2022-06-08T15:00:41
MUTHOOTFIN,INE414G01012,2022-06-08,NSE,EQ,EQ,buy,false,5.000000,1075.750000,53938561,1200000019217027,2022-06-08T15:00:41
IEX,INE022Q01020,2022-06-08,NSE,EQ,EQ,buy,false,25.000000,176.300003,28966609,1100000017658083,2022-06-08T15:00:41
GMMPFAUDLR,INE541A01023,2022-06-08,NSE,EQ,EQ,buy,false,1.000000,4030.899902,28966608,1100000017658081,2022-06-08T15:00:41
BERGEPAINT,INE463A01038,2022-06-08,NSE,EQ,EQ,buy,false,9.000000,580.750000,3313051,1000000016279154,2022-06-08T15:00:41
ASTRAL,INE006I01046,2022-06-08,NSE,EQ,EQ,buy,false,3.000000,1684.050049,3313037,1000000016279114,2022-06-08T15:00:41
HAPPSTMNDS,INE419U01012,2022-06-08,NSE,EQ,EQ,buy,false,4.000000,914.400024,28966617,1100000017658124,2022-06-08T15:00:41
ASIANPAINT,INE021A01026,2022-06-08,NSE,EQ,EQ,buy,false,6.000000,2708.750000,3313057,1000000016279173,2022-06-08T15:00:41
CDSL,INE736A01011,2022-06-08,NSE,EQ,EQ,buy,false,5.000000,1140.000000,3313039,1000000016279123,2022-06-08T15:00:41
DEEPAKNTR,INE288B01029,2022-06-08,NSE,EQ,EQ,buy,false,2.000000,1798.800049,28966611,1100000017658089,2022-06-08T15:00:41
RELAXO,INE131B01039,2022-06-08,NSE,EQ,EQ,buy,false,4.000000,993.599976,78559072,1300000016588928,2022-06-08T15:00:41
DIVISLAB,INE361B01024,2022-06-08,NSE,EQ,EQ,buy,false,3.000000,3497.500000,28966610,1100000017658088,2022-06-08T15:00:41
DEEPAKNTR,INE288B01029,2022-06-08,NSE,EQ,EQ,buy,false,3.000000,1798.949951,28966612,1100000017658089,2022-06-08T15:00:41
RELAXO,INE131B01039,2022-06-08,NSE,EQ,EQ,buy,false,1.000000,993.599976,78559073,1300000016588928,2022-06-08T15:00:41
SRF,INE647A01010,2022-06-08,NSE,EQ,EQ,buy,false,4.000000,2260.899902,78559065,1300000016588878,2022-06-08T15:00:41
PIDILITIND,INE318A01026,2022-06-08,NSE,EQ,EQ,buy,false,3.000000,2099.899902,53938556,1200000019216996,2022-06-08T15:00:41
PIDILITIND,INE318A01026,2022-06-08,NSE,EQ,EQ,buy,false,2.000000,2099.899902,53938557,1200000019216996,2022-06-08T15:00:41
ALKYLAMINE,INE150B01039,2022-06-08,NSE,EQ,EQ,buy,false,2.000000,2624.000000,3313038,1000000016279115,2022-06-08T15:00:41
COFORGE,INE591G01017,2022-06-10,NSE,EQ,EQ,buy,false,2.000000,3474.050049,2652583,1000000013050153,2022-06-10T14:47:15
TECHM,INE669C01036,2022-06-10,NSE,EQ,EQ,buy,false,6.000000,1109.250000,78433930,1300000014657986,2022-06-10T14:47:15
HCLTECH,INE860A01027,2022-06-10,NSE,EQ,EQ,buy,false,6.000000,1013.299988,28537112,1100000014335891,2022-06-10T14:47:15
LTI,INE214T01019,2022-06-10,NSE,EQ,EQ,buy,false,1.000000,4332.500000,52860615,1200000014422878,2022-06-10T14:47:15
MINDTREE,INE018I01017,2022-06-10,NSE,EQ,EQ,buy,false,1.000000,3069.800049,52860614,1200000014422877,2022-06-10T14:47:15
TCS,INE467B01029,2022-06-10,NSE,EQ,EQ,buy,false,2.000000,3369.000000,78433931,1300000014657988,2022-06-10T14:47:15
PERSISTENT,INE262H01013,2022-06-10,NSE,EQ,EQ,buy,false,2.000000,3505.600098,52860612,1200000014422873,2022-06-10T14:47:15
MPHASIS,INE356A01018,2022-06-10,NSE,EQ,EQ,buy,false,1.000000,2526.550049,52860618,1200000014422887,2022-06-10T14:47:15
INFY,INE009A01021,2022-06-10,NSE,EQ,EQ,buy,false,4.000000,1479.000000,28537111,1100000014335890,2022-06-10T14:47:15
WIPRO,INE075A01022,2022-06-10,NSE,EQ,EQ,buy,false,11.000000,461.450012,78433932,1300000014658002,2022-06-10T14:47:15
KPITTECH,INE04I401011,2022-06-10,NSE,EQ,EQ,buy,false,6.000000,513.799988,52860613,1200000014422874,2022-06-10T14:47:15
OFSS,INE881D01027,2022-06-10,NSE,EQ,EQ,buy,false,2.000000,3184.550049,52860617,1200000014422883,2022-06-10T14:47:15
DEEPAKNTR,INE288B01029,2022-06-13,NSE,EQ,EQ,buy,false,3.000000,1848.750000,26672819,1100000006603944,2022-06-13T10:38:26
HAPPSTMNDS,INE419U01012,2022-06-13,NSE,EQ,EQ,buy,false,5.000000,871.849976,26703450,1100000006725487,2022-06-13T10:40:48
TANLA,INE483C01032,2022-06-13,NSE,EQ,EQ,buy,false,4.000000,1219.000000,76865969,1300000007406040,2022-06-13T10:40:48
IEX,INE022Q01020,2022-06-13,NSE,EQ,EQ,buy,false,24.000000,180.100006,26703449,1100000006725483,2022-06-13T10:40:48
BAJFINANCE,INE296A01024,2022-06-13,NSE,EQ,EQ,buy,false,4.000000,5399.850098,1387369,1000000006345253,2022-06-13T10:40:48
HEIDELBERG,INE578A01017,2022-06-16,NSE,EQ,EQ,sell,false,1.000000,175.149994,25553493,1100000002532159,2022-06-16T09:44:27
HEIDELBERG,INE578A01017,2022-06-16,NSE,EQ,EQ,sell,false,4.000000,175.199997,25553492,1100000002532159,2022-06-16T09:44:27
AMBUJACEM,INE079A01024,2022-06-16,NSE,EQ,EQ,sell,false,7.000000,362.049988,537093,1000000002530297,2022-06-16T09:44:27
HEIDELBERG,INE578A01017,2022-06-16,NSE,EQ,EQ,sell,false,10.000000,175.199997,25553491,1100000002532159,2022-06-16T09:44:27
ADANIPORTS,INE742F01042,2022-06-16,NSE,EQ,EQ,buy,false,1.000000,707.599976,537699,1000000002533184,2022-06-16T09:44:29
JKCEMENT,INE823G01014,2022-06-16,NSE,EQ,EQ,buy,false,1.000000,2135.100098,50564233,1200000002712709,2022-06-16T09:44:29
GPPL,INE517F01014,2022-06-16,NSE,EQ,EQ,buy,false,11.000000,76.699997,25553947,1100000002534642,2022-06-16T09:44:29
RAMCOCEM,INE331A01037,2022-06-16,NSE,EQ,EQ,buy,false,2.000000,603.650024,75641540,1300000002766775,2022-06-16T09:44:29
SIEMENS,INE003A01024,2022-06-16,NSE,EQ,EQ,buy,false,1.000000,2411.000000,75641546,1300000002766788,2022-06-16T09:44:29
GODREJCP,INE102D01028,2022-06-16,NSE,EQ,EQ,sell,false,12.000000,741.549988,25606631,1100000002786720,2022-06-16T09:48:49
KOTAKBANK,INE237A01028,2022-06-16,NSE,EQ,EQ,sell,false,7.000000,1734.949951,50618747,1200000002999160,2022-06-16T09:48:49
HDFCBANK,INE040A01034,2022-06-16,NSE,EQ,EQ,sell,false,16.000000,1315.000000,25606630,1100000002786719,2022-06-16T09:48:49
HDFC,INE001A01036,2022-06-16,NSE,EQ,EQ,sell,false,3.000000,2122.300049,25606627,1100000002786715,2022-06-16T09:48:49
RELIANCE,INE002A01018,2022-06-16,NSE,EQ,EQ,buy,false,1.000000,2633.550049,75700046,1300000003034691,2022-06-16T09:48:51
ASTRAL,INE006I01046,2022-06-16,NSE,EQ,EQ,buy,false,7.000000,1681.800049,590818,1000000002802628,2022-06-16T09:48:51
PIDILITIND,INE318A01026,2022-06-16,NSE,EQ,EQ,buy,false,1.000000,2123.850098,50619094,1200000003000869,2022-06-16T09:48:51
LAOPALA,INE059D01020,2022-06-16,NSE,EQ,EQ,buy,false,3.000000,256.250000,50619098,1200000003000876,2022-06-16T09:48:51
LAOPALA,INE059D01020,2022-06-16,NSE,EQ,EQ,buy,false,1.000000,256.200012,50619097,1200000003000876,2022-06-16T09:48:51
MARICO,INE196A01026,2022-06-16,NSE,EQ,EQ,buy,false,24.000000,492.750000,50619095,1200000003000874,2022-06-16T09:48:51
LAOPALA,INE059D01020,2022-06-16,NSE,EQ,EQ,buy,false,14.000000,256.200012,50619096,1200000003000876,2022-06-16T09:48:51
HINDUNILVR,INE030A01027,2022-06-16,NSE,EQ,EQ,buy,false,1.000000,2154.949951,25606898,1100000002788975,2022-06-16T09:48:51
REDINGTON,INE891D01026,2022-06-16,NSE,EQ,EQ,buy,false,99.000000,120.750000,75700047,1300000003034692,2022-06-16T09:48:51
HINDZINC,INE267A01025,2022-06-16,NSE,EQ,EQ,sell,false,9.000000,288.700012,25625763,1100000002875111,2022-06-16T09:50:28
HINDALCO,INE038A01020,2022-06-16,NSE,EQ,EQ,buy,false,2.000000,356.700012,25626384,1100000002878160,2022-06-16T09:50:30
NMDC,INE584A01023,2022-06-16,NSE,EQ,EQ,buy,false,5.000000,114.650002,50639134,1200000003103546,2022-06-16T09:50:30
MOIL,INE490G01020,2022-06-16,NSE,EQ,EQ,buy,false,7.000000,151.600006,50639133,1200000003103544,2022-06-16T09:50:30
TATAMETALI,INE056C01010,2022-06-16,NSE,EQ,EQ,buy,false,1.000000,712.799988,75725344,1300000003135395,2022-06-16T09:50:30
TATASTEEL,INE081A01012,2022-06-16,NSE,EQ,EQ,buy,false,1.000000,970.400024,75725343,1300000003135392,2022-06-16T09:50:30
TATASTLLP,INE674A01014,2022-06-16,NSE,EQ,EQ,sell,false,1.000000,617.799988,75752704,1300000003263494,2022-06-16T09:52:49
KEC,INE389H01022,2022-06-16,NSE,EQ,EQ,sell,false,2.000000,365.649994,50663765,1200000003224797,2022-06-16T09:52:49
ISEC,INE763G01038,2022-06-16,NSE,EQ,EQ,sell,false,7.000000,450.700012,25649628,1100000002983765,2022-06-16T09:52:49
KEC,INE389H01022,2022-06-16,NSE,EQ,EQ,sell,false,5.000000,365.649994,50663766,1200000003224797,2022-06-16T09:52:49
KIRLFER,INE884B01025,2022-06-16,NSE,EQ,EQ,sell,false,13.000000,211.250000,50663768,1200000003224810,2022-06-16T09:52:49
HGINFRA,INE926X01010,2022-06-16,NSE,EQ,EQ,sell,false,1.000000,589.549988,25649626,1100000002983737,2022-06-16T09:52:49
HGINFRA,INE926X01010,2022-06-16,NSE,EQ,EQ,sell,false,1.000000,589.599976,25649625,1100000002983737,2022-06-16T09:52:49
KIRLFER,INE884B01025,2022-06-16,NSE,EQ,EQ,sell,false,5.000000,211.250000,50663769,1200000003224810,2022-06-16T09:52:49
EQUITAS,INE988K01017,2022-06-16,NSE,EQ,EQ,sell,false,42.000000,79.500000,25649627,1100000002983764,2022-06-16T09:52:49
CHAMBLFERT,INE085A01013,2022-06-16,NSE,EQ,EQ,sell,false,11.000000,318.750000,636520,1000000003013615,2022-06-16T09:52:49
KIRLFER,INE884B01025,2022-06-16,NSE,EQ,EQ,sell,false,2.000000,211.149994,50663770,1200000003224810,2022-06-16T09:52:49
JKLAKSHMI,INE786A01032,2022-06-16,NSE,EQ,EQ,sell,false,3.000000,401.899994,50663771,1200000003224813,2022-06-16T09:52:49
KEC,INE389H01022,2022-06-16,NSE,EQ,EQ,sell,false,4.000000,365.649994,50663767,1200000003224797,2022-06-16T09:52:49
JKLAKSHMI,INE786A01032,2022-06-16,NSE,EQ,EQ,sell,false,5.000000,401.899994,50663772,1200000003224813,2022-06-16T09:52:49
MOTILALOFS,INE338I01027,2022-06-16,NSE,EQ,EQ,sell,false,5.000000,774.000000,50663787,1200000003224874,2022-06-16T09:52:49
JKLAKSHMI,INE786A01032,2022-06-16,NSE,EQ,EQ,sell,false,1.000000,401.899994,50663773,1200000003224813,2022-06-16T09:52:49
SAGCEM,INE229C01021,2022-06-16,NSE,EQ,EQ,sell,false,16.000000,182.250000,75752683,1300000003263480,2022-06-16T09:52:49
KEC,INE389H01022,2022-06-16,NSE,EQ,EQ,sell,false,1.000000,365.649994,50663764,1200000003224797,2022-06-16T09:52:49
SAGCEM,INE229C01021,2022-06-16,NSE,EQ,EQ,sell,false,3.000000,182.250000,75752682,1300000003263480,2022-06-16T09:52:49
TATASTLLP,INE674A01014,2022-06-16,NSE,EQ,EQ,sell,false,3.000000,617.750000,75752705,1300000003263494,2022-06-16T09:52:49
TATASTLLP,INE674A01014,2022-06-16,NSE,EQ,EQ,sell,false,1.000000,617.750000,75752706,1300000003263494,2022-06-16T09:52:49
TATASTLLP,INE674A01014,2022-06-16,NSE,EQ,EQ,sell,false,1.000000,617.700012,75752707,1300000003263494,2022-06-16T09:52:49
GHCL,INE539A01019,2022-06-16,NSE,EQ,EQ,buy,false,6.000000,659.799988,25649938,1100000002985145,2022-06-16T09:52:51
APARINDS,INE372A01015,2022-06-16,NSE,EQ,EQ,buy,false,4.000000,900.900024,636788,1000000003015051,2022-06-16T09:52:51
HINDALCO,INE038A01020,2022-06-16,NSE,EQ,EQ,buy,false,11.000000,356.350006,25649947,1100000002985168,2022-06-16T09:52:51
SIYSIL,INE076B01028,2022-06-16,NSE,EQ,EQ,buy,false,7.000000,524.099976,75753141,1300000003265263,2022-06-16T09:52:51
TIMETECHNO,INE508G01029,2022-06-16,NSE,EQ,EQ,buy,false,37.000000,103.949997,75753135,1300000003265248,2022-06-16T09:52:51
WSTCSTPAPR,INE976A01021,2022-06-16,NSE,EQ,EQ,buy,false,12.000000,325.500000,75753137,1300000003265252,2022-06-16T09:52:51
SONATSOFTW,INE269A01021,2022-06-16,NSE,EQ,EQ,buy,false,6.000000,692.000000,75753136,1300000003265249,2022-06-16T09:52:51
VOLTAMP,INE540H01012,2022-06-16,NSE,EQ,EQ,buy,false,2.000000,2447.100098,75753134,1300000003265245,2022-06-16T09:52:51
MAHSEAMLES,INE271B01025,2022-06-16,NSE,EQ,EQ,buy,false,6.000000,635.000000,50664275,1200000003226497,2022-06-16T09:52:51
WIPRO,INE075A01022,2022-06-16,NSE,EQ,EQ,sell,false,10.000000,442.399994,75770967,1300000003344244,2022-06-16T09:54:21
WIPRO,INE075A01022,2022-06-16,NSE,EQ,EQ,sell,false,11.000000,442.399994,75770969,1300000003344244,2022-06-16T09:54:21
WIPRO,INE075A01022,2022-06-16,NSE,EQ,EQ,sell,false,43.000000,442.500000,75770965,1300000003344244,2022-06-16T09:54:21
WIPRO,INE075A01022,2022-06-16,NSE,EQ,EQ,sell,false,2.000000,442.399994,75770968,1300000003344244,2022-06-16T09:54:21
WIPRO,INE075A01022,2022-06-16,NSE,EQ,EQ,sell,false,10.000000,442.500000,75770966,1300000003344244,2022-06-16T09:54:21
HCLTECH,INE860A01027,2022-06-16,NSE,EQ,EQ,buy,false,5.000000,996.400024,25666789,1100000003057376,2022-06-16T09:54:23
MPHASIS,INE356A01018,2022-06-16,NSE,EQ,EQ,buy,false,2.000000,2396.949951,50681574,1200000003310645,2022-06-16T09:54:23
OFSS,INE881D01027,2022-06-16,NSE,EQ,EQ,buy,false,2.000000,3097.550049,50681572,1200000003310627,2022-06-16T09:54:23
TECHM,INE669C01036,2022-06-16,NSE,EQ,EQ,buy,false,4.000000,1021.299988,75771370,1300000003345921,2022-06-16T09:54:23
TRENT,INE849A01020,2022-06-16,NSE,EQ,EQ,sell,false,1.000000,1105.099976,75789113,1300000003419395,2022-06-16T09:55:46
TATASTEEL,INE081A01012,2022-06-16,NSE,EQ,EQ,buy,false,2.000000,970.250000,75789469,1300000003420826,2022-06-16T09:55:48
TITAN,INE280A01028,2022-06-16,NSE,EQ,EQ,buy,false,1.000000,2116.300049,75789470,1300000003420827,2022-06-16T09:55:48
TATACONSUM,INE192A01025,2022-06-16,NSE,EQ,EQ,buy,false,1.000000,741.200012,75789468,1300000003420825,2022-06-16T09:55:48
TATAPOWER,INE245A01021,2022-06-16,NSE,EQ,EQ,buy,false,1.000000,222.350006,75789471,1300000003420829,2022-06-16T09:55:48
TATAPOWER,INE245A01021,2022-06-16,NSE,EQ,EQ,buy,false,4.000000,222.350006,75789472,1300000003420829,2022-06-16T09:55:48
TATACHEM,INE092A01019,2022-06-16,NSE,EQ,EQ,buy,false,1.000000,881.000000,75789467,1300000003420823,2022-06-16T09:55:48
VOLTAS,INE226A01021,2022-06-16,NSE,EQ,EQ,buy,false,2.000000,993.500000,75789473,1300000003420830,2022-06-16T09:55:48
THYROCARE,INE594H01019,2022-07-25,NSE,EQ,EQ,buy,false,10.000000,621.000000,77431695,1300000010855724,2022-07-25T11:56:08
RELAXO,INE131B01039,2022-07-29,NSE,EQ,EQ,buy,false,4.000000,989.500000,75691707,1300000002612048,2022-07-29T09:31:34
ZOMATO,INE758T01015,2022-07-29,NSE,EQ,EQ,buy,false,50.000000,46.500000,75691705,1300000002612046,2022-07-29T09:31:34
ASTRAL,INE006I01046,2022-07-29,NSE,EQ,EQ,buy,false,3.000000,1828.250000,500555,1000000002136784,2022-07-29T09:31:34
BERGEPAINT,INE463A01038,2022-07-29,NSE,EQ,EQ,buy,false,3.000000,624.400024,500557,1000000002136793,2022-07-29T09:31:34
AFFLE,INE00WC01027,2022-07-29,NSE,EQ,EQ,buy,false,5.000000,1049.800049,500556,1000000002136788,2022-07-29T09:31:34
DIVISLAB,INE361B01024,2022-07-29,NSE,EQ,EQ,buy,false,3.000000,3831.600098,25591255,1100000002339147,2022-07-29T09:31:34
HDFCBANK,INE040A01034,2022-07-29,NSE,EQ,EQ,buy,false,7.000000,1428.900024,25591252,1100000002339142,2022-07-29T09:31:34
VAIBHAVGBL,INE884A01027,2022-08-01,NSE,EQ,EQ,buy,false,16.000000,314.200012,75727084,1300000002733595,2022-08-01T09:28:43
VGUARD,INE951I01027,2022-08-01,NSE,EQ,EQ,buy,false,22.000000,232.000000,75727081,1300000002733581,2022-08-01T09:28:43
RELAXO,INE131B01039,2022-08-01,NSE,EQ,EQ,buy,false,10.000000,1007.000000,75727080,1300000002733577,2022-08-01T09:28:43
AMRUTANJAN,INE098F01031,2022-08-16,NSE,EQ,EQ,buy,false,4.000000,765.000000,1249551,1000000006253959,2022-08-16T10:23:05
AMRUTANJAN,INE098F01031,2022-08-16,NSE,EQ,EQ,buy,false,11.000000,764.849976,1249550,1000000006253959,2022-08-16T10:23:05
TANLA,INE483C01032,2022-08-16,NSE,EQ,EQ,buy,false,6.000000,744.799988,76670587,1300000007644987,2022-08-16T10:25:41
RELAXO,INE131B01039,2022-08-16,NSE,EQ,EQ,buy,false,1.000000,1004.000000,76670583,1300000007644978,2022-08-16T10:25:41
RELAXO,INE131B01039,2022-08-16,NSE,EQ,EQ,buy,false,2.000000,1004.000000,76670584,1300000007644978,2022-08-16T10:25:41
EQUITAS,INE988K01017,2022-08-16,NSE,EQ,EQ,buy,false,50.000000,95.500000,26703237,1100000007711359,2022-08-16T10:25:41
RELAXO,INE131B01039,2022-08-16,NSE,EQ,EQ,buy,false,8.000000,1003.950012,76670582,1300000007644978,2022-08-16T10:25:41
BSOFT,INE836A01035,2022-08-16,NSE,EQ,EQ,buy,false,13.000000,337.850006,1276565,1000000006401362,2022-08-16T10:25:41
EQUITAS,INE988K01017,2022-08-29,NSE,EQ,EQ,buy,false,20.000000,99.199997,26385785,1100000005581427,2022-08-29T10:01:14
YESBANK,INE528G01035,2022-08-29,NSE,EQ,EQ,buy,false,100.000000,16.200001,76665194,1300000006512104,2022-08-29T10:01:14
ZOMATO,INE758T01015,2022-08-29,NSE,EQ,EQ,buy,false,70.000000,59.650002,76665195,1300000006512105,2022-08-29T10:01:14
HATHWAY,INE982F01036,2022-08-29,NSE,EQ,EQ,buy,false,100.000000,18.049999,26385784,1100000005581425,2022-08-29T10:01:14
OFSS,INE881D01027,2022-08-30,NSE,EQ,EQ,buy,false,1.000000,3174.699951,50472664,1200000002331659,2022-08-30T09:33:07
HCLTECH,INE860A01027,2022-08-30,NSE,EQ,EQ,buy,false,9.000000,928.200012,25533811,1100000002460836,2022-08-30T09:33:07
COFORGE,INE591G01017,2022-08-30,NSE,EQ,EQ,buy,false,1.000000,3555.449951,507236,1000000002474170,2022-08-30T09:33:07
COFORGE,INE591G01017,2022-08-30,NSE,EQ,EQ,buy,false,1.000000,3555.399902,507235,1000000002474170,2022-08-30T09:33:07
INFY,INE009A01021,2022-08-30,NSE,EQ,EQ,buy,false,4.000000,1468.550049,25533812,1100000002460848,2022-08-30T09:33:07
TECHM,INE669C01036,2022-08-30,NSE,EQ,EQ,buy,false,3.000000,1049.349976,75637674,1300000002781775,2022-08-30T09:33:07
PERSISTENT,INE262H01013,2022-08-30,NSE,EQ,EQ,buy,false,1.000000,3458.399902,50472666,1200000002331686,2022-08-30T09:33:07
MINDTREE,INE018I01017,2022-08-30,NSE,EQ,EQ,buy,false,1.000000,3220.000000,50472671,1200000002331703,2022-08-30T09:33:07
TCS,INE467B01029,2022-08-30,NSE,EQ,EQ,buy,false,4.000000,3149.850098,75637673,1300000002781765,2022-08-30T09:33:07
KPITTECH,INE04I401011,2022-08-30,NSE,EQ,EQ,buy,false,4.000000,558.500000,50472670,1200000002331701,2022-08-30T09:33:07
MPHASIS,INE356A01018,2022-08-30,NSE,EQ,EQ,buy,false,4.000000,2103.399902,50472665,1200000002331683,2022-08-30T09:33:07
MINDTREE,INE018I01017,2022-09-01,NSE,EQ,EQ,buy,false,1.000000,3257.199951,50883117,1200000003989824,2022-09-01T09:49:56
TCS,INE467B01029,2022-09-01,NSE,EQ,EQ,buy,false,3.000000,3140.300049,76252693,1300000005354850,2022-09-01T09:49:56
KPITTECH,INE04I401011,2022-09-01,NSE,EQ,EQ,buy,false,7.000000,570.849976,50883114,1200000003989817,2022-09-01T09:49:56
MPHASIS,INE356A01018,2022-09-01,NSE,EQ,EQ,buy,false,2.000000,2123.699951,50883115,1200000003989821,2022-09-01T09:49:56
OFSS,INE881D01027,2022-09-01,NSE,EQ,EQ,buy,false,2.000000,3164.000000,50883112,1200000003989809,2022-09-01T09:49:56
COFORGE,INE591G01017,2022-09-01,NSE,EQ,EQ,buy,false,1.000000,3540.000000,1022148,1000000004472440,2022-09-01T09:49:56
PERSISTENT,INE262H01013,2022-09-01,NSE,EQ,EQ,buy,false,2.000000,3479.949951,50883113,1200000003989814,2022-09-01T09:49:56
HCLTECH,INE860A01027,2022-09-01,NSE,EQ,EQ,buy,false,7.000000,927.950012,26104720,1100000004571762,2022-09-01T09:49:56
INFY,INE009A01021,2022-09-01,NSE,EQ,EQ,buy,false,4.000000,1465.050049,26104719,1100000004571749,2022-09-01T09:49:56
LTI,INE214T01019,2022-09-01,NSE,EQ,EQ,buy,false,1.000000,4575.000000,50883192,1200000003990359,2022-09-01T09:49:56
TECHM,INE669C01036,2022-09-01,NSE,EQ,EQ,buy,false,5.000000,1060.800049,76252696,1300000005354856,2022-09-01T09:49:56
LICI,INE0J1Y01017,2022-09-06,NSE,EQ,EQ,buy,false,10.000000,652.900024,53617037,1200000021274987,2022-09-06T15:01:08
INDIGRID,INE219X23014,2022-09-15,NSE,EQ,IV,buy,false,21.000000,143.899994,30981008,1100000024742088,2022-09-15T15:24:27
KNRCON,INE634I01029,2022-09-15,NSE,EQ,EQ,buy,false,4.000000,251.199997,55427040,1200000027795719,2022-09-15T15:24:27
PGINVIT,INE0GGX23010,2022-09-15,NSE,EQ,IV,buy,false,22.000000,137.750000,55427024,1200000027795709,2022-09-15T15:24:27
TATAELXSI,INE670A01012,2022-09-15,NSE,EQ,EQ,sell,false,1.000000,8881.700195,80896214,1300000025806284,2022-09-15T15:27:27
TRENT,INE849A01020,2022-09-15,NSE,EQ,EQ,buy,false,1.000000,1435.849976,80896891,1300000025807459,2022-09-15T15:27:29
TATAPOWER,INE245A01021,2022-09-15,NSE,EQ,EQ,buy,false,4.000000,245.350006,80896867,1300000025807440,2022-09-15T15:27:29
TCS,INE467B01029,2022-09-15,NSE,EQ,EQ,buy,false,1.000000,3105.050049,80896872,1300000025807446,2022-09-15T15:27:29
VOLTAS,INE226A01021,2022-09-15,NSE,EQ,EQ,buy,false,3.000000,958.900024,80896892,1300000025807460,2022-09-15T15:27:29
TATACONSUM,INE192A01025,2022-09-15,NSE,EQ,EQ,buy,false,2.000000,837.000000,80896866,1300000025807439,2022-09-15T15:27:29
POLYPLEX,INE633B01018,2022-09-16,NSE,EQ,EQ,sell,false,2.000000,2051.000000,50475071,1200000002354261,2022-09-16T09:28:53
MAHSEAMLES,INE271B01025,2022-09-16,NSE,EQ,EQ,sell,false,1.000000,844.500000,50475070,1200000002354250,2022-09-16T09:28:53
WSTCSTPAPR,INE976A01021,2022-09-16,NSE,EQ,EQ,sell,false,4.000000,565.200012,75656317,1300000002721934,2022-09-16T09:28:53
SIYSIL,INE076B01028,2022-09-16,NSE,EQ,EQ,buy,false,3.000000,453.850006,75657278,1300000002726191,2022-09-16T09:28:55
FINCABLES,INE235A01022,2022-09-16,NSE,EQ,EQ,buy,false,10.000000,477.649994,25476102,1100000002348144,2022-09-16T09:28:55
HGINFRA,INE926X01010,2022-09-16,NSE,EQ,EQ,buy,false,1.000000,627.200012,25476103,1100000002348147,2022-09-16T09:28:55
SUNTV,INE424H01027,2022-09-16,NSE,EQ,EQ,buy,false,9.000000,519.650024,75657277,1300000002726188,2022-09-16T09:28:55
GHCL,INE539A01019,2022-09-16,NSE,EQ,EQ,buy,false,1.000000,681.250000,25476101,1100000002348130,2022-09-16T09:28:55
SUNTECK,INE805D01034,2022-09-16,NSE,EQ,EQ,sell,false,8.000000,461.149994,75749929,1300000003170817,2022-09-16T09:32:14
OBEROIRLTY,INE093I01010,2022-09-16,NSE,EQ,EQ,sell,false,1.000000,1078.449951,50547879,1200000002762154,2022-09-16T09:32:14
BRIGADE,INE791I01019,2022-09-16,NSE,EQ,EQ,sell,false,1.000000,581.400024,542641,1000000002948386,2022-09-16T09:32:14
SOBHA,INE671H01015,2022-09-16,NSE,EQ,EQ,buy,false,1.000000,711.950012,75750800,1300000003175297,2022-09-16T09:32:16
GODREJPROP,INE484J01027,2022-09-16,NSE,EQ,EQ,buy,false,1.000000,1398.900024,25557791,1100000002770158,2022-09-16T09:32:16
PRESTIGE,INE811K01011,2022-09-16,NSE,EQ,EQ,buy,false,8.000000,475.850006,50548609,1200000002766197,2022-09-16T09:32:16
VEDL,INE205A01025,2022-09-16,NSE,EQ,EQ,buy,false,20.000000,292.899994,76735979,1300000007638897,2022-09-16T10:12:51
HCLTECH,INE860A01027,2022-09-16,NSE,EQ,EQ,buy,false,7.000000,903.700012,27689307,1100000012895109,2022-09-16T11:34:09
INFY,INE009A01021,2022-09-16,NSE,EQ,EQ,buy,false,6.000000,1398.449951,27689306,1100000012895108,2022-09-16T11:34:09
TECHM,INE669C01036,2022-09-16,NSE,EQ,EQ,buy,false,4.000000,1044.650024,77972411,1300000013875245,2022-09-16T11:34:09
OFSS,INE881D01027,2022-09-16,NSE,EQ,EQ,buy,false,1.000000,3042.399902,52326726,1200000012498660,2022-09-16T11:34:09
OFSS,INE881D01027,2022-09-16,NSE,EQ,EQ,buy,false,2.000000,3042.399902,52326727,1200000012498660,2022-09-16T11:34:09
MINDTREE,INE018I01017,2022-09-16,NSE,EQ,EQ,buy,false,2.000000,3171.300049,52326725,1200000012498650,2022-09-16T11:34:09
MPHASIS,INE356A01018,2022-09-16,NSE,EQ,EQ,buy,false,2.000000,2057.100098,52326721,1200000012498644,2022-09-16T11:34:09
PERSISTENT,INE262H01013,2022-09-16,NSE,EQ,EQ,buy,false,2.000000,3207.649902,52326723,1200000012498647,2022-09-16T11:34:09
LTI,INE214T01019,2022-09-16,NSE,EQ,EQ,buy,false,1.000000,4456.549805,52326724,1200000012498648,2022-09-16T11:34:09
KPITTECH,INE04I401011,2022-09-16,NSE,EQ,EQ,buy,false,4.000000,585.950012,52326722,1200000012498645,2022-09-16T11:34:09
TCS,INE467B01029,2022-09-16,NSE,EQ,EQ,buy,false,3.000000,3026.850098,77972413,1300000013875256,2022-09-16T11:34:09
COFORGE,INE591G01017,2022-09-16,NSE,EQ,EQ,buy,false,1.000000,3347.600098,2348910,1000000013587525,2022-09-16T11:34:09
LALPATHLAB,INE600L01024,2022-09-16,NSE,EQ,EQ,buy,false,1.000000,2323.800049,53120558,1200000017013775,2022-09-16T12:55:08
LALPATHLAB,INE600L01024,2022-09-16,NSE,EQ,EQ,buy,false,1.000000,2323.800049,53120559,1200000017013775,2022-09-16T12:55:08
NESTLEIND,INE239A01016,2022-09-16,NSE,EQ,EQ,buy,false,1.000000,18679.949219,53120561,1200000017013778,2022-09-16T12:55:08
EQUITAS,INE988K01017,2022-09-16,NSE,EQ,EQ,buy,false,30.000000,102.599998,28653968,1100000017258934,2022-09-16T12:55:08
AMRUTANJAN,INE098F01031,2022-09-16,NSE,EQ,EQ,buy,false,2.000000,740.799988,3121878,1000000018274912,2022-09-16T12:55:08
AMRUTANJAN,INE098F01031,2022-09-16,NSE,EQ,EQ,buy,false,3.000000,740.750000,3121877,1000000018274912,2022-09-16T12:55:08
HDFCLIFE,INE795G01014,2022-09-19,NSE,EQ,EQ,buy,false,10.000000,548.349976,30142318,1100000027107399,2022-09-19T15:25:09
AMRUTANJAN,INE098F01031,2022-09-23,NSE,EQ,EQ,buy,false,5.000000,728.599976,4352114,1000000026076905,2022-09-23T15:23:21
POLYPLEX,INE633B01018,2022-09-23,NSE,EQ,EQ,buy,false,1.000000,2078.850098,54742942,1200000028496119,2022-09-23T15:23:21
VEDL,INE205A01025,2022-09-23,NSE,EQ,EQ,buy,false,10.000000,279.250000,80504898,1300000028067964,2022-09-23T15:23:21
MUTHOOTFIN,INE414G01012,2022-09-23,NSE,EQ,EQ,buy,false,2.000000,1004.000000,54742941,1200000028496118,2022-09-23T15:23:21
HDFCBANK,INE040A01034,2022-09-23,NSE,EQ,EQ,buy,false,7.000000,1446.000000,30142430,1100000027576711,2022-09-23T15:23:21
JKPAPER,INE789E01012,2022-09-26,NSE,EQ,EQ,buy,false,10.000000,358.500000,51969055,1200000010537883,2022-09-26T10:36:15
SONATSOFTW,INE269A01021,2022-09-26,NSE,EQ,EQ,buy,false,1.000000,489.250000,77456570,1300000010264477,2022-09-26T10:36:15
UJJIVANSFB,INE551W01018,2022-09-26,NSE,EQ,EQ,buy,false,300.000000,21.350000,77456569,1300000010264475,2022-09-26T10:36:15
SONATSOFTW,INE269A01021,2022-09-26,NSE,EQ,EQ,buy,false,4.000000,489.250000,77456571,1300000010264477,2022-09-26T10:36:15
JUBLFOOD,INE797F01020,2022-09-26,NSE,EQ,EQ,buy,false,5.000000,582.750000,51969054,1200000010537882,2022-09-26T10:36:15
AUBANK,INE949L01017,2022-09-26,NSE,EQ,EQ,buy,false,5.000000,598.750000,1870227,1000000010234202,2022-09-26T10:36:16
AUBANK,INE949L01017,2022-09-26,NSE,EQ,EQ,buy,false,1.000000,598.750000,1870226,1000000010234202,2022-09-26T10:36:16
AUBANK,INE949L01017,2022-09-26,NSE,EQ,EQ,buy,false,1.000000,598.750000,1870225,1000000010234202,2022-09-26T10:36:16
AUBANK,INE949L01017,2022-09-26,NSE,EQ,EQ,buy,false,3.000000,598.799988,1870228,1000000010234202,2022-09-26T10:36:16
TECHM,INE669C01036,2022-09-26,NSE,EQ,EQ,buy,false,6.000000,1020.549988,77520264,1300000010488832,2022-09-26T10:38:45
INFY,INE009A01021,2022-09-26,NSE,EQ,EQ,buy,false,5.000000,1367.050049,27326201,1100000011152428,2022-09-26T10:38:45
LTI,INE214T01019,2022-09-26,NSE,EQ,EQ,buy,false,1.000000,4312.200195,52010855,1200000010777520,2022-09-26T10:38:45
COFORGE,INE591G01017,2022-09-26,NSE,EQ,EQ,buy,false,1.000000,3343.100098,1906940,1000000010445856,2022-09-26T10:38:45
TCS,INE467B01029,2022-09-26,NSE,EQ,EQ,buy,false,3.000000,2950.300049,77520265,1300000010488833,2022-09-26T10:38:45
PERSISTENT,INE262H01013,2022-09-26,NSE,EQ,EQ,buy,false,2.000000,3113.800049,52010862,1200000010777542,2022-09-26T10:38:46
HCLTECH,INE860A01027,2022-09-26,NSE,EQ,EQ,buy,false,7.000000,901.799988,27326202,1100000011152442,2022-09-26T10:38:46
MINDTREE,INE018I01017,2022-09-26,NSE,EQ,EQ,buy,false,1.000000,3062.850098,52010856,1200000010777525,2022-09-26T10:38:46
OFSS,INE881D01027,2022-09-26,NSE,EQ,EQ,buy,false,3.000000,2930.100098,52010860,1200000010777537,2022-09-26T10:38:46
MPHASIS,INE356A01018,2022-09-26,NSE,EQ,EQ,buy,false,3.000000,1987.800049,52010861,1200000010777541,2022-09-26T10:38:46
EQUITAS,INE988K01017,2022-09-26,NSE,EQ,EQ,buy,false,10.000000,97.849998,31962455,1100000033769744,2022-09-26T15:25:50
HDFCBANK,INE040A01034,2022-09-26,NSE,EQ,EQ,buy,false,5.000000,1428.050049,31962458,1100000033769752,2022-09-26T15:25:50
VAIBHAVGBL,INE884A01027,2022-09-26,NSE,EQ,EQ,buy,false,4.000000,349.399994,82047101,1300000033699338,2022-09-26T15:25:50
HDFCLIFE,INE795G01014,2022-09-26,NSE,EQ,EQ,buy,false,10.000000,522.849976,31962454,1100000033769743,2022-09-26T15:25:50
VEDL,INE205A01025,2022-09-26,NSE,EQ,EQ,buy,false,10.000000,264.299988,82047109,1300000033699366,2022-09-26T15:25:50
UJJIVANSFB,INE551W01018,2022-09-28,NSE,EQ,EQ,buy,false,150.000000,21.900000,79572219,1300000026158262,2022-09-28T15:08:20
AUBANK,INE949L01017,2022-09-28,NSE,EQ,EQ,buy,false,5.000000,586.700012,3711284,1000000028794878,2022-09-28T15:08:20
HDFCLIFE,INE795G01014,2022-09-28,NSE,EQ,EQ,buy,false,10.000000,515.150024,29529780,1100000027809934,2022-09-28T15:13:07
EQUITAS,INE988K01017,2022-09-28,NSE,EQ,EQ,buy,false,30.000000,97.599998,29529781,1100000027809935,2022-09-28T15:13:07
VEDL,INE205A01025,2022-09-28,NSE,EQ,EQ,buy,false,4.000000,257.299988,79681397,1300000026482230,2022-09-28T15:13:07
DIVISLAB,INE361B01024,2022-09-28,NSE,EQ,EQ,buy,false,1.000000,3702.949951,29529782,1100000027809937,2022-09-28T15:13:07
VEDL,INE205A01025,2022-09-28,NSE,EQ,EQ,buy,false,6.000000,257.299988,79681396,1300000026482230,2022-09-28T15:13:07
HDFCBANK,INE040A01034,2022-09-28,NSE,EQ,EQ,buy,false,5.000000,1389.900024,29529779,1100000027809933,2022-09-28T15:13:07
VAIBHAVGBL,INE884A01027,2022-10-03,NSE,EQ,EQ,buy,false,15.000000,349.500000,79073208,1300000025833478,2022-10-03T14:54:24
VEDL,INE205A01025,2022-10-03,NSE,EQ,EQ,buy,false,2.000000,267.549988,79073206,1300000025833474,2022-10-03T14:54:24
DEEPAKNTR,INE288B01029,2022-10-03,NSE,EQ,EQ,buy,false,2.000000,2037.900024,29144378,1100000024914635,2022-10-03T14:54:24
HAPPSTMNDS,INE419U01012,2022-10-03,NSE,EQ,EQ,buy,false,6.000000,986.099976,29144379,1100000024914641,2022-10-03T14:54:24
VEDL,INE205A01025,2022-10-03,NSE,EQ,EQ,buy,false,18.000000,267.600006,79073207,1300000025833474,2022-10-03T14:54:24
EXIDEIND,INE302A01020,2022-10-03,NSE,EQ,EQ,buy,false,30.000000,154.050003,29157237,1100000024993182,2022-10-03T14:55:21
HDFCLIFE,INE795G01014,2022-10-03,NSE,EQ,EQ,buy,false,10.000000,518.799988,29707670,1100000027057487,2022-10-03T15:21:15
BERGEPAINT,INE463A01038,2022-10-03,NSE,EQ,EQ,buy,false,8.000000,605.000000,4598185,1000000031815431,2022-10-03T15:21:15
WHIRLPOOL,INE716A01013,2022-10-11,NSE,EQ,EQ,buy,false,2.000000,1621.150024,79233639,1300000021558562,2022-10-11T14:59:20
NESTLEIND,INE239A01016,2022-10-11,NSE,EQ,EQ,buy,false,1.000000,18543.449219,53440576,1200000020893201,2022-10-11T14:59:20
LALPATHLAB,INE600L01024,2022-10-11,NSE,EQ,EQ,buy,false,2.000000,2278.899902,53440575,1200000020893199,2022-10-11T14:59:20
ALKYLAMINE,INE150B01039,2022-10-11,NSE,EQ,EQ,buy,false,1.000000,2869.550049,3377550,1000000021330870,2022-10-11T14:59:20
HDFCBANK,INE040A01034,2022-10-11,NSE,EQ,EQ,buy,false,5.000000,1403.000000,29407745,1100000023564922,2022-10-11T14:59:20
MARICO,INE196A01026,2022-10-11,NSE,EQ,EQ,buy,false,5.000000,509.350006,53440573,1200000020893197,2022-10-11T14:59:20
HDFCLIFE,INE795G01014,2022-10-11,NSE,EQ,EQ,buy,false,10.000000,523.599976,29407743,1100000023564916,2022-10-11T14:59:20
WIPRO,INE075A01022,2022-10-13,NSE,EQ,EQ,buy,false,15.000000,379.450012,79496490,1300000021984271,2022-10-13T15:21:35
TATAELXSI,INE670A01012,2022-10-19,NSE,EQ,EQ,buy,false,1.000000,7278.000000,75114442,1300000000515437,2022-10-19T09:17:01
HDFCLIFE,INE795G01014,2022-10-28,NSE,EQ,EQ,buy,false,5.000000,530.650024,28954512,1100000020577662,2022-10-28T15:21:09
TATAELXSI,INE670A01012,2022-10-28,NSE,EQ,EQ,buy,false,2.000000,6869.799805,79618934,1300000022030511,2022-10-28T15:21:09
BERGEPAINT,INE463A01038,2022-10-28,NSE,EQ,EQ,buy,false,8.000000,575.099976,3776731,1000000020223845,2022-10-28T15:21:09
VEDL,INE205A01025,2022-10-28,NSE,EQ,EQ,buy,false,15.000000,285.299988,79618936,1300000022030513,2022-10-28T15:21:09
MARICO,INE196A01026,2022-10-28,NSE,EQ,EQ,buy,false,10.000000,519.000000,53997507,1200000022989497,2022-10-28T15:21:09
HDFCLIFE,INE795G01014,2022-10-28,NSE,EQ,EQ,buy,false,5.000000,530.650024,28954511,1100000020577662,2022-10-28T15:21:09
WIPRO,INE075A01022,2022-10-28,NSE,EQ,EQ,buy,false,5.000000,383.149994,79618937,1300000022030516,2022-10-28T15:21:09
MARICO,INE196A01026,2022-11-07,NSE,EQ,EQ,buy,false,5.000000,502.950012,52555638,1200000013585918,2022-11-07T12:29:12
CANBK,INE476A01014,2022-11-11,NSE,EQ,EQ,sell,false,20.000000,305.899994,1293482,1000000006813436,2022-11-11T10:18:01
CAMS,INE596I01012,2022-11-18,NSE,EQ,EQ,buy,false,1.000000,2344.800049,505124,1000000002915739,2022-11-18T09:42:03
CAMS,INE596I01012,2022-11-18,NSE,EQ,EQ,buy,false,1.000000,2344.750000,505123,1000000002915739,2022-11-18T09:42:03
CAMS,INE596I01012,2022-11-18,NSE,EQ,EQ,buy,false,1.000000,2344.850098,505125,1000000002915739,2022-11-18T09:42:03
IDFCFIRSTB,INE092T01019,2022-11-22,NSE,EQ,EQ,buy,false,50.000000,56.450001,25563811,1100000002700803,2022-11-22T09:33:13
IRFC,INE053F01010,2022-11-22,NSE,EQ,EQ,buy,false,100.000000,28.400000,25563812,1100000002700825,2022-11-22T09:33:13
GEOJITFSL,INE007B01023,2022-11-22,NSE,EQ,EQ,buy,false,50.000000,47.450001,25563809,1100000002700793,2022-11-22T09:33:13
BERGEPAINT,INE463A01038,2022-11-25,NSE,EQ,EQ,buy,false,10.000000,612.549988,1437322,1000000007818689,2022-11-25T11:04:05
TATAELXSI,INE670A01012,2022-11-25,NSE,EQ,EQ,buy,false,1.000000,6758.000000,76620143,1300000007959486,2022-11-25T11:04:05
RELAXO,INE131B01039,2022-11-25,NSE,EQ,EQ,buy,false,3.000000,908.950012,76620145,1300000007959487,2022-11-25T11:04:05
RELAXO,INE131B01039,2022-11-25,NSE,EQ,EQ,buy,false,2.000000,908.900024,76620144,1300000007959487,2022-11-25T11:04:05
DMART,INE192R01011,2022-11-25,NSE,EQ,EQ,buy,false,2.000000,3912.100098,26799395,1100000008729870,2022-11-25T11:04:05
ASTRAL,INE006I01046,2022-11-25,NSE,EQ,EQ,buy,false,3.000000,1886.650024,1437329,1000000007818696,2022-11-25T11:04:05
PHOENIXLTD,INE211B01039,2022-12-01,NSE,EQ,EQ,sell,false,4.000000,1454.000000,54634312,1200000021949557,2022-12-01T15:04:56
GODREJPROP,INE484J01027,2022-12-01,NSE,EQ,EQ,sell,false,1.000000,1325.199951,29923365,1100000022976841,2022-12-01T15:04:56
GODREJPROP,INE484J01027,2022-12-01,NSE,EQ,EQ,sell,false,2.000000,1325.199951,29923366,1100000022976841,2022-12-01T15:04:56
OBEROIRLTY,INE093I01010,2022-12-01,NSE,EQ,EQ,sell,false,3.000000,961.849976,54634314,1200000021949564,2022-12-01T15:04:56
MINDSPACE,INE0CCU25019,2022-12-01,NSE,EQ,RR,sell,false,10.000000,334.500000,54634315,1200000021949565,2022-12-01T15:04:56
PRESTIGE,INE811K01011,2022-12-01,NSE,EQ,EQ,sell,false,8.000000,496.049988,54634313,1200000021949559,2022-12-01T15:04:56
SOBHA,INE671H01015,2022-12-01,NSE,EQ,EQ,sell,false,5.000000,624.049988,79762876,1300000021359389,2022-12-01T15:04:56
DLF,INE271C01023,2022-12-01,NSE,EQ,EQ,sell,false,10.000000,414.250000,29923367,1100000022976852,2022-12-01T15:04:56
EMBASSY,INE041025011,2022-12-01,NSE,EQ,RR,sell,false,2.000000,341.440002,29923363,1100000022976838,2022-12-01T15:04:56
BRIGADE,INE791I01019,2022-12-01,NSE,EQ,EQ,sell,false,7.000000,504.049988,3804613,1000000018535677,2022-12-01T15:04:56
EMBASSY,INE041025011,2022-12-01,NSE,EQ,RR,sell,false,8.000000,341.440002,29923364,1100000022976838,2022-12-01T15:04:56
NYKAA,INE388Y01029,2022-12-05,NSE,EQ,EQ,buy,false,10.000000,175.949997,54575228,1200000020741692,2022-12-05T15:19:06
AARTIIND,INE769A01020,2022-12-05,NSE,EQ,EQ,buy,false,10.000000,674.950012,3690550,1000000018193923,2022-12-05T15:19:06
TATAELXSI,INE670A01012,2022-12-05,NSE,EQ,EQ,buy,false,1.000000,6960.049805,80446109,1300000022720319,2022-12-05T15:19:59
LAURUSLABS,INE947Q01028,2022-12-05,NSE,EQ,EQ,buy,false,5.000000,420.450012,54595916,1200000020789821,2022-12-05T15:19:59
DIVISLAB,INE361B01024,2022-12-09,NSE,EQ,EQ,buy,false,5.000000,3303.000000,25739916,1100000003348705,2022-12-09T09:40:20
AMRUTANJAN,INE098F01031,2022-12-13,NSE,EQ,EQ,buy,false,5.000000,708.849976,885631,1000000004802525,2022-12-13T10:08:23
ALKYLAMINE,INE150B01039,2022-12-13,NSE,EQ,EQ,buy,false,2.000000,2790.750000,1121415,1000000005951013,2022-12-13T10:27:24
BERGEPAINT,INE463A01038,2022-12-13,NSE,EQ,EQ,buy,false,2.000000,612.900024,1121417,1000000005951017,2022-12-13T10:27:24
THYROCARE,INE594H01019,2022-12-13,NSE,EQ,EQ,buy,false,10.000000,620.000000,76391465,1300000006165528,2022-12-13T10:27:24
POLYPLEX,INE633B01018,2022-12-13,NSE,EQ,EQ,buy,false,6.000000,1678.050049,51404020,1200000006672859,2022-12-13T10:27:24
BERGEPAINT,INE463A01038,2022-12-13,NSE,EQ,EQ,buy,false,8.000000,612.900024,1121416,1000000005951017,2022-12-13T10:27:24
TRENT,INE849A01020,2022-12-16,NSE,EQ,EQ,sell,false,7.000000,1414.500000,76099177,1300000005011144,2022-12-16T09:58:23
TATACONSUM,INE192A01025,2022-12-16,NSE,EQ,EQ,buy,false,1.000000,804.299988,76099684,1300000005013280,2022-12-16T09:58:25
TITAN,INE280A01028,2022-12-16,NSE,EQ,EQ,buy,false,1.000000,2514.000000,76099685,1300000005013281,2022-12-16T09:58:25
TATASTEEL,INE081A01020,2022-12-16,NSE,EQ,EQ,buy,false,11.000000,110.449997,76099686,1300000005013288,2022-12-16T09:58:25
VOLTAS,INE226A01021,2022-12-16,NSE,EQ,EQ,buy,false,2.000000,841.299988,76099682,1300000005013276,2022-12-16T09:58:25
TATACHEM,INE092A01019,2022-12-16,NSE,EQ,EQ,buy,false,2.000000,1002.099976,76099681,1300000005013275,2022-12-16T09:58:25
TATAPOWER,INE245A01021,2022-12-16,NSE,EQ,EQ,buy,false,12.000000,219.949997,76099687,1300000005013290,2022-12-16T09:58:25
RAMCOCEM,INE331A01037,2022-12-16,NSE,EQ,EQ,sell,false,4.000000,717.599976,76135207,1300000005166236,2022-12-16T10:00:30
PGINVIT,INE0GGX23010,2022-12-16,NSE,EQ,IV,buy,false,10.000000,128.940002,51166426,1200000005408080,2022-12-16T10:00:32
PNCINFRA,INE195J01029,2022-12-16,NSE,EQ,EQ,buy,false,3.000000,292.000000,51166425,1200000005408078,2022-12-16T10:00:32
DALBHARAT,INE00R701025,2022-12-16,NSE,EQ,EQ,buy,false,1.000000,1882.000000,26328603,1100000006031064,2022-12-16T10:00:32
INDIGRID,INE219X23014,2022-12-16,NSE,EQ,IV,buy,false,4.000000,138.580002,26328602,1100000006031053,2022-12-16T10:00:32
INDIGRID,INE219X23014,2022-12-16,NSE,EQ,IV,buy,false,4.000000,138.570007,26328601,1100000006031053,2022-12-16T10:00:32
TATAMETALI,INE056C01010,2022-12-16,NSE,EQ,EQ,sell,false,3.000000,772.000000,76164437,1300000005287592,2022-12-16T10:02:09
RATNAMANI,INE703B01027,2022-12-16,NSE,EQ,EQ,sell,false,1.000000,1931.300049,76164436,1300000005287590,2022-12-16T10:02:09
MIDHANI,INE099Z01011,2022-12-16,NSE,EQ,EQ,sell,false,3.000000,227.300003,51193656,1200000005530348,2022-12-16T10:02:09
KIRLFER,INE884B01025,2022-12-16,NSE,EQ,EQ,buy,false,6.000000,331.149994,51194122,1200000005533228,2022-12-16T10:02:11
MOIL,INE490G01020,2022-12-16,NSE,EQ,EQ,buy,false,5.000000,172.300003,51194127,1200000005533232,2022-12-16T10:02:11
NATIONALUM,INE139A01034,2022-12-16,NSE,EQ,EQ,buy,false,13.000000,77.050003,51194123,1200000005533229,2022-12-16T10:02:11
KIRLFER,INE884B01025,2022-12-16,NSE,EQ,EQ,buy,false,1.000000,331.149994,51194121,1200000005533228,2022-12-16T10:02:11
APARINDS,INE372A01015,2022-12-16,NSE,EQ,EQ,sell,false,1.000000,1677.199951,897917,1000000005028328,2022-12-16T10:03:35
SONATSOFTW,INE269A01021,2022-12-16,NSE,EQ,EQ,sell,false,8.000000,553.000000,76189660,1300000005390659,2022-12-16T10:03:35
REDINGTON,INE891D01026,2022-12-16,NSE,EQ,EQ,sell,false,4.000000,185.800003,76189659,1300000005390656,2022-12-16T10:03:35
FINCABLES,INE235A01022,2022-12-16,NSE,EQ,EQ,sell,false,2.000000,571.049988,26390687,1100000006307711,2022-12-16T10:03:35
MAHSEAMLES,INE271B01025,2022-12-16,NSE,EQ,EQ,buy,false,3.000000,364.350006,51216509,1200000005632629,2022-12-16T10:03:37
TIMETECHNO,INE508G01029,2022-12-16,NSE,EQ,EQ,buy,false,15.000000,91.699997,76190205,1300000005392769,2022-12-16T10:03:37
SHARDACROP,INE221J01015,2022-12-16,NSE,EQ,EQ,buy,false,10.000000,497.950012,76190208,1300000005392773,2022-12-16T10:03:37
GHCL,INE539A01019,2022-12-16,NSE,EQ,EQ,buy,false,2.000000,522.000000,26391426,1100000006310939,2022-12-16T10:03:37
AARTIIND,INE769A01020,2022-12-20,NSE,EQ,EQ,buy,false,10.000000,621.450012,2898957,1000000018808650,2022-12-20T14:33:07
NYKAA,INE388Y01029,2022-12-20,NSE,EQ,EQ,buy,false,20.000000,159.199997,53635018,1200000018676562,2022-12-20T14:33:07
IEX,INE022Q01020,2022-12-23,NSE,EQ,EQ,buy,false,41.000000,135.300003,27305156,1100000012755990,2022-12-23T11:01:48
AMRUTANJAN,INE098F01031,2022-12-23,NSE,EQ,EQ,buy,false,1.000000,693.950012,1871353,1000000011069211,2022-12-23T11:01:48
AMRUTANJAN,INE098F01031,2022-12-23,NSE,EQ,EQ,buy,false,8.000000,693.900024,1871352,1000000011069211,2022-12-23T11:01:48
AMRUTANJAN,INE098F01031,2022-12-23,NSE,EQ,EQ,buy,false,1.000000,693.849976,1871351,1000000011069211,2022-12-23T11:01:48
DMART,INE192R01011,2022-12-23,NSE,EQ,EQ,buy,false,2.000000,3868.000000,31347237,1100000035840927,2022-12-23T15:23:07
MARICO,INE196A01026,2022-12-23,NSE,EQ,EQ,buy,false,10.000000,516.349976,55863444,1200000030792298,2022-12-23T15:23:07
ZOMATO,INE758T01015,2022-12-23,NSE,EQ,EQ,buy,false,81.000000,53.650002,81544072,1300000030965555,2022-12-23T15:23:07
VEDL,INE205A01025,2022-12-23,NSE,EQ,EQ,buy,false,15.000000,285.649994,81544071,1300000030965542,2022-12-23T15:23:07
TATAELXSI,INE670A01012,2022-12-23,NSE,EQ,EQ,buy,false,1.000000,5839.000000,81544083,1300000030965617,2022-12-23T15:23:07
