Snapshot Date,Snapshot Month,Rank,Portfolio Fit,Tranche Guidance,Symbol,Sector,Industry,Archetype,Economic Sensitivity,Investor Role,Mkt Cap Cr,52W Low,CMP,52W High,Buy 20% Less,Day Chg%,1W Return %,1M Return %,Trend,Technical Setup,RSI,Vol Spike,Beta,EPS,PE,Book Value,P/B,Div Yield%,Fair Val,Rev Growth%,ROE%,ROA%,Debt/Equity,News Summary & Digest,Sentiment & Score,News Source,Strengths,Weaknesses,Quality Score,Valuation Score,Timing Score,Total Score,Buying Zone,Buy/Sell Price Range,Final Action
2026-08-31,2026-08,1,⚠️ Overweight (21.1%),"₹233,000 (2.0%)",MUTHOOTFIN,Financial Services,Credit Services,FINANCIAL_NBFC,Medium-High,Financial/Growth,"₹1,28,510 Cr",2604.2,2978.1,4149.5,-28.23%,-3.65,-7.2,-4.54,Strong Downtrend,🟢 Tight Base,54.1,0.83,1.31,300.68,10.65,1011.32,3.17,0.93,"₹1,517",57.67,31.74,6.4,393.56,"34 articles, dominant topic: earnings. Do Muthoot Finance's (NSE:MUTHOOTFIN) Earnings Warrant Your Attention? - simplywall.st (bullish signals: profit rises)",Neutral,"simplywall.st, TradingView, vinanet.vn",✓ Strong ROE 31.7% | ✓ Strong ROA 6.4% | ✓ Strong REV GROWTH 57.7%,✗ Below 200-day MA — long-term trend broken,40,13,3,56,🟢 ACCUMULATE,"> ₹1,669",ACCUMULATE
2026-08-31,2026-08,2,⭐ High Fit (6.3%),"₹233,000 (2.0%)",LUPIN,Healthcare,Drug Manufacturers - Specialty & Generic,QUALITY_GROWTH,Medium,Long-term Growth,"₹99,913 Cr",1875,2188.4,2529.5,-13.48%,0.78,0.02,-9.38,Downtrend,🟡 Consolidating,29.7,0.96,0.55,120.74,18.1,491.02,4.45,0.82,"₹3,018",23.86,,,29.39,"58 articles, dominant topic: approvals. Why You Might Be Interested In Lupin Limited (NSE:LUPIN) For Its Upcoming Dividend - simplywall.st (mostly approvals-related coverage, no strong signal)",Neutral,"simplywall.st, CNBC TV18, Business Standard",✓ Strong REV GROWTH 23.9% | ✓ Attractive PE (18.1x) | ✓ Deeply oversold RSI (29.7),✗ High debt (29.4x) | ✗ Below 200-day MA — long-term trend broken,10,24,15,49,❌ WAIT,"< ₹2,415",HOLD
2026-08-31,2026-08,3,⚠️ Overweight (21.1%),"₹233,000 (2.0%)",SHRIRAMFIN,Financial Services,Credit Services,FINANCIAL_NBFC,Medium-High,Financial/Growth,"₹2,55,746 Cr",578.6,1109.9,1153.7,-3.80%,2.12,-0.81,6.04,Strong Uptrend,🟡 Consolidating,44.5,1.51,1.97,56.59,19.21,350.34,3.1,1.27,₹526,13.86,18.5,,276.21,"39 articles, dominant topic: earnings. Shriram Finance Share Price - Live NSE: SHRIRAMFIN Stock Price & Chart - Upstox (bullish signals: record high)",Neutral,"Upstox, TradingView, simplywall.st",,,19,13,15,47,❌ WAIT,> ₹578,HOLD
2026-08-31,2026-08,4,⭐ High Fit (10.7%),"₹233,000 (2.0%)",NATIONALUM,Basic Materials,Aluminum,COMMODITY_CYCLICAL,Very High,Cyclical,"₹73,337 Cr",183.86,381.5,445.15,-14.30%,-3.41,-5.41,9.26,Strong Uptrend,🟡 Consolidating,48.1,1.43,0.59,36.76,10.86,117.65,3.39,1,₹294,6.4,,,0.28,"33 articles, dominant topic: dividends. National Aluminium Company Limited (NSE:NATIONALUM) Looks Like A Good Stock, And It's Going Ex-Dividend Soon - simplywall.st (bullish signals: profit rises, record high)",Bullish (2/10),"simplywall.st, TradingView, vinanet.vn",✓ Very low debt (0.3x) | ✓ Bullish news signal (2/10) — positive momentum,✗ Expensive P/B (3.4x),18,10,16,44,❌ WAIT,> ₹323,HOLD
2026-08-31,2026-08,5,⚠️ Overweight (21.1%),"₹233,000 (2.0%)",ANGELONE,Financial Services,Capital Markets,FINANCIAL_CAPITAL_MARKETS,High,Market-sensitive,"₹26,862 Cr",208.63,286.9,360.45,-20.41%,-2.41,0.31,-3.71,Uptrend,🟠 Volatile,45.4,2.94,1.7,11.07,26.56,67.17,4.38,1.72,₹221,1.36,,,129.31,"46 articles, dominant topic: earnings. Angel One Share Price - Live NSE: ANGELONE Stock Price & Chart - Upstox (mostly earnings-related coverage, no strong signal)",Neutral,"Upstox, Goodreturns, simplywall.st",✓ Volume spike 2.9x on uptrend,,2,19,20,41,❌ WAIT,> ₹244,HOLD
2026-08-31,2026-08,6,⭐ High Fit (13.8%),"₹233,000 (2.0%)",TECHM,Technology,Information Technology Services,QUALITY_GROWTH,Medium,Long-term Growth,"₹1,39,175 Cr",1304.1,1628,1854,-12.19%,-0.79,2.78,-1.41,Strong Uptrend,🟡 Consolidating,46.6,1.17,0.6,57.76,27.2,334.41,4.7,3.25,"₹1,444",7.22,,,7.27,"50 articles, dominant topic: earnings. Do These 3 Checks Before Buying Tech Mahindra Limited (NSE:TECHM) For Its Upcoming Dividend - simplywall.st (mostly earnings-related coverage, no strong signal)",Neutral,"simplywall.st, Business Standard, The Economic Times",✓ Good dividend yield (3.2%),✗ Weak REV GROWTH 7.2% | ✗ High debt (7.3x),2,22,15,39,❌ WAIT,"> ₹1,588",HOLD
2026-08-31,2026-08,7,⭐ High Fit (7.1%),"₹233,000 (2.0%)",DABUR,Consumer Defensive,Household & Personal Products,CONSUMER_STAPLES,Low,Defensive,"₹70,080 Cr",392.15,381,577,-33.97%,-1.3,-4.38,-9.6,Strong Downtrend,🟡 Consolidating,6.3,1.78,0.98,11.12,35.53,64.38,6.14,2.07,₹389,5.18,,,10.91,"52 articles, dominant topic: earnings. Earnings Update: Dabur India Limited (NSE:DABUR) Just Reported Its Yearly Results And Analysts Are Updating Their Forecasts - simplywall.st (bullish signals: profit rises; bearish signals: downgrade)",Neutral,"simplywall.st, Upstox, Business Standard",✓ Deeply oversold RSI (6.3),✗ Below 200-day MA — long-term trend broken,3,20,15,38,❌ WAIT,₹350 – ₹389,HOLD
2026-08-31,2026-08,8,⭐ High Fit (8.4%),"₹233,000 (2.0%)",EICHERMOT,Consumer Cyclical,Auto Manufacturers,CONSUMER_DISCRETIONARY,Medium-High,Growth/Cyclical,"₹2,20,578 Cr",6070,7953.5,8230,-3.36%,-1.31,-1.16,1.53,Strong Uptrend,🟠 Volatile,45.9,2.03,1.28,210.24,38.22,915.01,8.78,1.02,"₹4,205",23.95,,,2.05,"47 articles, dominant topic: earnings. Eicher Motors Share Price - Live NSE: EICHERMOT Stock Price & Chart - Upstox (mostly earnings-related coverage, no strong signal)",Neutral,"Upstox, simplywall.st, TradingView",✓ Strong REV GROWTH 23.9% | ✓ Volume spike 2.0x on uptrend,✗ High debt (2.0x) | ✗ Expensive P/B (8.8x),8,9,20,37,❌ WAIT,"> ₹4,625",HOLD
2026-08-31,2026-08,9,⚠️ Overweight (21.1%),"₹233,000 (2.0%)",BSE,Financial Services,Financial Data & Stock Exchanges,FINANCIAL_CAPITAL_MARKETS,High,Market-sensitive,"₹1,35,062 Cr",2021.5,3282,4446.8,-26.19%,-3.61,-0.93,-9.99,Uptrend,🟡 Consolidating,28.7,1.3,1.36,68.7,48.41,194.17,17.13,0.3,"₹1,374",63.84,,,,"100 articles, dominant topic: general. Stock Market Holiday Alert: BSE And NSE To Be Closed For 9 Days In September - NDTV Profit (mostly general-related coverage, no strong signal)",Neutral,"NDTV Profit, NDTV, The Economic Times",✓ Strong REV GROWTH 63.8% | ✓ Deeply oversold RSI (28.7),✗ Expensive PE (48.4x),8,3,25,36,❌ WAIT,"> ₹1,511",HOLD
2026-08-31,2026-08,10,⚠️ Overweight (21.1%),"₹233,000 (2.0%)",CHOLAHLDNG,Financial Services,Credit Services,FINANCIAL_NBFC,Medium-High,Financial/Growth,"₹29,282 Cr",1305,1485.5,2064,-28.03%,-0.89,-4.06,-3.1,Strong Downtrend,🟡 Consolidating,27.2,1.86,1.41,142.16,10.97,823,1.89,0.08,"₹1,234",16.81,,,623.16,"14 articles, dominant topic: earnings. It's A Story Of Risk Vs Reward With Cholamandalam Financial Holdings Limited (NSE:CHOLAHLDNG) - simplywall.st (mostly earnings-related coverage, no strong signal)",Neutral,"simplywall.st, vinanet.vn, scanx.trade",✓ Strong REV GROWTH 16.8% | ✓ Deeply oversold RSI (27.2),✗ Below 200-day MA — long-term trend broken,6,15,15,36,❌ WAIT,"> ₹1,358",HOLD
2026-08-31,2026-08,11,⚠️ Overweight (21.1%),"₹233,000 (2.0%)",AAVAS,Financial Services,Mortgage Finance,FINANCIAL_NBFC,Medium-High,Financial/Growth,"₹10,412 Cr",1060.4,1261.2,1771.9,-28.82%,-1.12,-5.62,-7.25,Downtrend,🟠 Volatile,18.9,2.08,0.9,87.42,15.02,637.79,2.06,,₹957,14.35,,,310.55,"49 articles, dominant topic: earnings. AAVAS Forecast — Price Target — Prediction for 2027 - TradingView (bullish signals: profit rises)",Bullish (2/10),"TradingView, Univest, Moneycontrol.com",✓ Deeply oversold RSI (18.9) | ✓ Bullish news signal (2/10) — positive momentum,✗ Below 200-day MA — long-term trend broken,4,15,16,35,❌ WAIT,"> ₹1,052",HOLD
2026-08-31,2026-08,12,⭐ High Fit (13.8%),"₹233,000 (2.0%)",COFORGE,Technology,Information Technology Services,QUALITY_GROWTH,Medium,Long-term Growth,"₹83,269 Cr",1008.1,1985.3,1989.7,-0.22%,-1.45,6,15.63,Strong Uptrend,🟡 Consolidating,69.1,1.02,1.11,48.83,38.5,283.96,6.62,0.85,"₹1,221",35.86,,,7.52,"100 articles, dominant topic: earnings. Coforge Share Price - Upstox (bullish signals: outperform, profit rises, upgrade; bearish signals: downgrade)",Bullish (6/10),"Upstox, Business Today, scanx.trade",✓ Strong REV GROWTH 35.9% | ✓ Bullish news signal (6/10) — positive momentum,✗ High debt (7.5x),10,11,13,34,❌ WAIT,"> ₹1,343",WATCH
2026-08-31,2026-08,13,⚠️ Overweight (21.1%),"₹233,000 (2.0%)",EQUITASBNK,Financial Services,Banks - Regional,FINANCIAL_BANK,Medium,Financial,"₹8,586 Cr",50,73.97,83.9,-11.84%,0.09,-1.37,-1.65,Uptrend,🔵 Pullback,46.6,0.64,1.3,4.46,16.83,53.56,1.4,,₹80,5.64,,,94.25,"17 articles, dominant topic: general. Equitas Small Finance Bank Limited's (NSE:EQUITASBNK) latest 7.3% decline adds to one-year losses, institutional investors may consider drastic measures - simplywall.st (bearish signals: downgrade)",Neutral,"simplywall.st, TradingView, vinanet.vn",,,4,15,15,34,❌ WAIT,₹72 – ₹80,WATCH
2026-08-31,2026-08,14,⭐ High Fit (6.3%),"₹233,000 (2.0%)",ADANIPORTS,Industrials,Marine Shipping,INDUSTRIAL_CAPEX,High,Cyclical,"₹3,89,715 Cr",1292,1593.1,1891.1,-15.76%,-6.7,-4.72,-6.09,Downtrend,🟠 Volatile,37.5,4.3,1.37,58.57,28.88,416.5,4.06,0.44,"₹1,171",27.11,,,64.05,"50 articles, dominant topic: earnings. Adani Port Share Price - Live NSE: ADANIPORTS Stock Price & Chart - Upstox (mostly earnings-related coverage, no strong signal)",Neutral,"Upstox, simplywall.st, TradingView",✓ Strong REV GROWTH 27.1% | ✓ Oversold RSI (37.5) — good entry,✗ High debt (64.0x) | ✗ Expensive P/B (4.1x) | ✗ Below 200-day MA — long-term trend broken,10,13,10,33,❌ WAIT,"> ₹1,289",WATCH
2026-08-31,2026-08,15,⭐ High Fit (6.3%),"₹233,000 (2.0%)",ABBOTINDIA,Healthcare,Drug Manufacturers - Specialty & Generic,QUALITY_GROWTH,Medium,Long-term Growth,"₹56,130 Cr",25150,25850,32775,-21.13%,-1.24,-2.16,-7.01,Downtrend,🟡 Consolidating,17,0.74,0.28,760.9,34.72,2246.75,11.76,1.99,"₹19,022",8.12,,,3.6,"24 articles, dominant topic: dividends. Only Three Days Left To Cash In On Abbott India's (NSE:ABBOTINDIA) Dividend - simplywall.st (mostly dividends-related coverage, no strong signal)",Neutral,"simplywall.st, TradingView, ICICI Direct",✓ Good dividend yield (2.0%) | ✓ Deeply oversold RSI (17.0),✗ Weak REV GROWTH 8.1% | ✗ High debt (3.6x) | ✗ Expensive P/B (11.8x),2,16,15,33,❌ WAIT,"> ₹20,925",WATCH
2026-08-31,2026-08,16,⚠️ Overweight (21.1%),"₹233,000 (2.0%)",CUB,Financial Services,Banks - Regional,FINANCIAL_BANK,Medium,Financial,"₹21,956 Cr",145.125,229.19,245.38,-6.60%,3.13,8.01,10.99,Strong Uptrend,🟡 Consolidating,62.1,1.78,1.15,14.13,15.68,106.64,2.08,0.94,₹160,20.26,,,,"43 articles, dominant topic: earnings. Do City Union Bank's (NSE:CUB) Earnings Warrant Your Attention? - simplywall.st (bullish signals: profit rises)",Neutral,"simplywall.st, Upstox, NiftyTrader",✓ Strong REV GROWTH 20.3%,,10,13,10,33,❌ WAIT,> ₹176,WATCH
2026-08-31,2026-08,17,⭐ High Fit (6.3%),"₹233,000 (2.0%)",GLENMARK,Healthcare,Drug Manufacturers - Specialty & Generic,QUALITY_GROWTH,Medium,Long-term Growth,"₹68,815 Cr",1792.6,2480,2474,0.24%,-1.29,3.84,11.13,Strong Uptrend,🟡 Consolidating,72,1.79,0.88,63.6,38.34,372.48,6.55,0.31,"₹1,590",27.12,,,5.65,"60 articles, dominant topic: acquisitions. Glenmark Pharmaceuticals Limited (NSE:GLENMARK) Looks Like A Good Stock, And It's Going Ex-Dividend Soon - simplywall.st (bullish signals: record high, upgrade; bearish signals: stake sale)",Bullish (3/10),"simplywall.st, Upstox, Moneycontrol.com",✓ Strong REV GROWTH 27.1% | ✓ Bullish news signal (3/10) — positive momentum,✗ High debt (5.7x) | ✗ High RSI (72.0),10,9,12,31,❌ WAIT,"> ₹1,749",WATCH
2026-08-31,2026-08,18,⭐ High Fit (1.9%),"₹233,000 (2.0%)",NHPC,Utilities,Utilities - Renewable,INDUSTRIAL_CAPEX,High,Cyclical,"₹76,583 Cr",71.62,76.72,89.22,-14.01%,2.54,0.09,-2.29,Downtrend,🟡 Consolidating,49.9,1.88,0.74,2.73,27.93,41.15,1.85,2.11,₹55,7.22,,,113.11,"31 articles, dominant topic: earnings. Nepal floods impact: Emami shares slip 4%, NHPC down 1%; what investors need to know - Upstox (mostly earnings-related coverage, no strong signal)",Neutral,"Upstox, TradingView, simplywall.st",✓ Attractive P/B (1.9x) | ✓ Good dividend yield (2.1%),✗ Weak REV GROWTH 7.2% | ✗ High debt (113.1x) | ✗ Below 200-day MA — long-term trend broken,2,24,5,31,❌ WAIT,> ₹60,WATCH
2026-08-31,2026-08,19,⚠️ Overweight (21.1%),"₹233,000 (2.0%)",MOTILALOFS,Financial Services,Capital Markets,FINANCIAL_CAPITAL_MARKETS,High,Market-sensitive,"₹60,907 Cr",614.9,1042.9,1097.1,-4.94%,0.44,5.34,22.41,Strong Uptrend,🟡 Consolidating,88.8,0.51,1.78,32.27,31.34,214.14,4.72,1.11,₹645,27.63,,,165.8,"22 articles, dominant topic: dividends. With 74% ownership, Motilal Oswal Financial Services Limited (NSE:MOTILALOFS) insiders have a lot riding on the company's future - simplywall.st (mostly dividends-related coverage, no strong signal)",Neutral,"simplywall.st, vinanet.vn, Univest",✓ Strong REV GROWTH 27.6%,✗ Overbought RSI (88.8) — wait,8,13,10,31,❌ WAIT,> ₹710,WATCH
2026-08-31,2026-08,20,⚠️ Overweight (21.1%),"₹233,000 (2.0%)",AXISBANK,Financial Services,Banks - Regional,FINANCIAL_BANK,Medium,Financial,"₹3,93,805 Cr",1045,1300,1418.3,-8.34%,,,,,⚪ Unknown,,,0.42,88.8,14.25,717.55,1.76,0.08,"₹1,076",,13.35,1.54,,,,,✓ Strong ROA 1.5%,,20,10,0,30,❌ WAIT,"> ₹1,184",WATCH
2026-08-31,2026-08,21,⚠️ Overweight (21.1%),"₹233,000 (2.0%)",IDFCFIRSTB,Financial Services,Banks - Regional,FINANCIAL_BANK,Medium,Financial,"₹73,285 Cr",58.08,85.97,88.76,-3.14%,3.43,0.09,1.82,Strong Uptrend,🟡 Consolidating,56.8,1.67,1.25,2.59,32.82,55.11,1.54,0.29,₹83,11.53,,,,"28 articles, dominant topic: earnings. IDFCFIRSTB Forecast — Price Target — Prediction for 2027 - TradingView (mostly earnings-related coverage, no strong signal)",Neutral,"TradingView, simplywall.st, Univest",,,7,10,13,30,❌ WAIT,₹83 – ₹91,WATCH
2026-08-31,2026-08,22,⭐ High Fit (10.7%),"₹233,000 (2.0%)",HINDZINC,Basic Materials,Other Industrial Metals & Mining,COMMODITY_CYCLICAL,Very High,Cyclical,"₹2,50,392 Cr",418,595.45,733,-18.77%,-4.27,-1.42,10.43,Uptrend,🟠 Volatile,52.3,1.13,1.06,41.01,14.45,53.56,11.07,3.48,₹328,18.62,,,39.03,"49 articles, dominant topic: dividends. Hindustan Zinc Share Price Today, August 24, 2026: Closes at ₹604 - The Eastern Herald (bullish signals: record high; bearish signals: stake sale)",Neutral,"The Eastern Herald, simplywall.st, CNBC TV18",,✗ High debt (39.0x) | ✗ Expensive P/B (11.1x),7,9,13,29,❌ WAIT,> ₹361,WATCH
2026-08-31,2026-08,23,⭐ High Fit (10.7%),"₹233,000 (2.0%)",JKPAPER,Basic Materials,Paper & Paper Products,COMMODITY_CYCLICAL,Very High,Cyclical,"₹7,190 Cr",304.85,396.25,444.8,-10.92%,1.2,0.75,2.52,Strong Uptrend,🟡 Consolidating,57.3,0.87,0.91,17.46,22.71,304.3,1.3,1.01,₹140,6.1,,,44.54,"11 articles, dominant topic: dividends. Is It Smart To Buy JK Paper Limited (NSE:JKPAPER) Before It Goes Ex-Dividend? - simplywall.st (mostly dividends-related coverage, no strong signal)",Neutral,"simplywall.st, Univest, scanx.trade",,✗ High debt (44.5x) | ✗ Expensive PE (22.7x),3,12,13,28,❌ WAIT,> ₹154,WATCH
2026-08-31,2026-08,24,⭐ High Fit (7.1%),"₹233,000 (2.0%)",NESTLEIND,Consumer Defensive,Packaged Foods,CONSUMER_STAPLES,Low,Defensive,"₹2,80,493 Cr",1145,1496.5,1553,-3.64%,2.88,1.71,-0.87,Strong Uptrend,🟢 Tight Base,50.9,1.29,0.54,19.72,73.76,26.74,54.39,0.82,₹690,19.58,,,8.62,"41 articles, dominant topic: corporate_actions. NESTLEIND Forecast — Price Target — Prediction for 2027 - TradingView (mostly corporate_actions-related coverage, no strong signal)",Neutral,"TradingView, simplywall.st, vinanet.vn",✓ Strong REV GROWTH 19.6%,✗ Expensive PE (73.8x),8,7,13,28,❌ WAIT,> ₹759,WATCH
2026-08-31,2026-08,25,⚠️ Overweight (21.1%),"₹233,000 (2.0%)",BANDHANBNK,Financial Services,Banks - Regional,FINANCIAL_BANK,Medium,Financial,"₹27,953 Cr",134.25,163.5,220.76,-25.94%,-2.82,-5.98,-5.29,Downtrend,🟡 Consolidating,32.1,1.01,1.64,8.38,20.7,158.96,1.09,0.86,₹238,-6.18,,,,"35 articles, dominant topic: earnings. Bandhan Bank Share Price - Live NSE: BANDHANBNK Stock Price & Chart - Upstox (bearish signals: stake sale)",Neutral,"Upstox, TradingView, simplywall.st",✓ Oversold RSI (32.1) — good entry,✗ Poor REV GROWTH -6.2% | ✗ Below 200-day MA — long-term trend broken,0,18,10,28,❌ WAIT,< ₹191,WATCH
2026-08-31,2026-08,26,⭐ High Fit (10.7%),"₹233,000 (2.0%)",BERGEPAINT,Basic Materials,Specialty Chemicals,QUALITY_GROWTH,Medium,Long-term Growth,"₹58,732 Cr",391.1,497.75,594.55,-16.28%,0.69,-3.44,-3.64,Uptrend,🟡 Consolidating,31.8,0.51,0.7,10.45,48.2,59.31,8.49,0.79,₹261,2.9,,,9.16,"21 articles, dominant topic: dividends. Berger Paints India Limited (NSE:BERGEPAINT) Looks Like A Good Stock, And It's Going Ex-Dividend Soon - simplywall.st (bullish signals: expansion plan; bearish signals: profit falls)",Neutral,"simplywall.st, TradingView, vinanet.vn",✓ Oversold RSI (31.8) — good entry,✗ Poor REV GROWTH 2.9% | ✗ High debt (9.2x) | ✗ Expensive P/B (8.5x),0,8,20,28,❌ WAIT,> ₹287,WATCH
2026-08-31,2026-08,27,⭐ High Fit (6.3%),"₹233,000 (2.0%)",CGPOWER,Industrials,Electrical Equipment & Parts,INDUSTRIAL_CAPEX,High,Cyclical,"₹1,36,284 Cr",525.5,916,980.9,-6.62%,3.04,4.39,6.09,Strong Uptrend,🟡 Consolidating,60.1,1.42,1,7.91,109.36,50.61,17.09,0.15,₹158,25.11,,,1.45,"39 articles, dominant topic: management. CG Power and Industrial Solutions' (NSE:CGPOWER) Solid Earnings May Rest On Weak Foundations - simplywall.st (bullish signals: upgrade; bearish signals: downgrade)",Neutral,"simplywall.st, TradingView, Investing.com India",✓ Strong REV GROWTH 25.1%,✗ Expensive PE (109.4x) | ✗ Expensive P/B (17.1x),12,4,10,26,❌ WAIT,> ₹174,WATCH
2026-08-31,2026-08,28,⭐ High Fit (6.3%),"₹233,000 (2.0%)",LT,Industrials,Engineering & Construction,INDUSTRIAL_CAPEX,High,Cyclical,"₹5,55,589 Cr",3288.1,4044.9,4440,-8.90%,-0.02,-1.1,2.69,Strong Uptrend,🟢 Tight Base,51.1,1.13,1.43,120.69,33.46,794.47,5.08,0.94,"₹2,414",11.81,,,97.64,"34 articles, dominant topic: dividends. TCS Share Price - Upstox (bullish signals: order win)",Neutral,"Upstox, simplywall.st, TradingView",,✗ High debt (97.6x) | ✗ Expensive P/B (5.1x),5,8,13,26,❌ WAIT,"> ₹2,655",WATCH
2026-08-31,2026-08,29,⭐ High Fit (6.3%),"₹233,000 (2.0%)",SIEMENS,Industrials,Specialty Industrial Machinery,INDUSTRIAL_CAPEX,High,Cyclical,"₹1,43,980 Cr",2826,4030,4149.4,-2.88%,-1.44,-2.04,7.18,Strong Uptrend,🟡 Consolidating,51.6,0.49,1.12,47.45,85.21,388.64,10.4,0.45,₹949,16.24,,,2.21,"59 articles, dominant topic: earnings. Siemens Share Price - Upstox (bullish signals: profit rises)",Neutral,"Upstox, TradingView, simplywall.st",✓ Strong REV GROWTH 16.2%,✗ High debt (2.2x) | ✗ Expensive PE (85.2x) | ✗ Expensive P/B (10.4x),9,4,13,26,❌ WAIT,"> ₹1,044",WATCH
2026-08-31,2026-08,30,⚠️ Overweight (21.1%),"₹233,000 (2.0%)",NUVAMA,Financial Services,Asset Management,FINANCIAL_CAPITAL_MARKETS,High,Market-sensitive,"₹33,251 Cr",1096.9,1753.6,2066,-15.12%,-2.85,0.21,-2.78,Uptrend,🟡 Consolidating,58.5,0.52,1.25,58.34,30.94,226.45,7.97,1.55,"₹1,167",6.73,,,282.32,"74 articles, dominant topic: regulatory. NSE Issues Warning Letters to Nuvama Subsidiary for Periodical Submission Observations - scanx.trade (bullish signals: profit rises; bearish signals: downgrade, penalty)",Bearish (3/10),"scanx.trade, Business Standard, Moneycontrol.com",,✗ Bearish news signal (3/10) — negative momentum,2,13,11,26,❌ WAIT,"> ₹1,283",WATCH
2026-08-31,2026-08,31,⭐ High Fit (1.0%),"₹233,000 (2.0%)",BHARTIARTL,Communication Services,Telecom Services,DEFAULT,,,"₹11,74,365 Cr",1740.5,1811.9,2174.5,-16.68%,,,,,⚪ Unknown,,,0.01,47.81,39.37,259.48,7.25,1.27,₹956,,20.15,8.16,100.42,,,,✓ Strong ROE 20.1%,✗ Expensive P/B (7.2x),15,10,0,25,❌ WAIT,"> ₹1,052",WATCH
2026-08-31,2026-08,32,⭐ High Fit (6.3%),"₹233,000 (2.0%)",DRREDDY,Healthcare,Drug Manufacturers - Specialty & Generic,QUALITY_GROWTH,Medium,Long-term Growth,"₹98,126 Cr",1101,1154.4,1414.9,-18.41%,,,,,⚪ Unknown,,,0.24,39.7,29.67,460.31,2.56,0.68,₹993,,8.84,4.01,18.61,,,,✓ Attractive P/B (2.6x),✗ Weak ROE 8.8% | ✗ High debt (18.6x),2,22,0,24,❌ WAIT,"> ₹1,092",WATCH
2026-08-31,2026-08,33,⭐ High Fit (3.8%),"₹233,000 (2.0%)",HINDPETRO,Energy,Oil & Gas Refining & Marketing,COMMODITY_CYCLICAL,Very High,Cyclical,"₹79,410 Cr",316.2,365.75,508.45,-28.07%,0.48,-1.67,-1.32,Strong Downtrend,🟡 Consolidating,42.6,1.38,1.58,7.85,47.54,308.04,1.21,6.52,₹63,0.99,,,85.37,"48 articles, dominant topic: dividends. Hindustan Petroleum (NSE:HINDPETRO) stock performs better than its underlying earnings growth over last five years - simplywall.st (mostly dividends-related coverage, no strong signal)",Neutral,"simplywall.st, TradingView, Moneycontrol.com",✓ Good dividend yield (6.5%),✗ High debt (85.4x) | ✗ Expensive PE (47.5x) | ✗ Below 200-day MA — long-term trend broken,3,16,5,24,❌ WAIT,> ₹69,WATCH
2026-08-31,2026-08,34,⚠️ Overweight (21.1%),"₹233,000 (2.0%)",SUNDARMFIN,Financial Services,Credit Services,FINANCIAL_NBFC,Medium-High,Financial/Growth,"₹50,034 Cr",4000,4540,5642,-19.53%,-0.75,0.77,-2.69,Strong Downtrend,🟠 Volatile,56.1,4.73,1.05,201.51,22.53,1340.52,3.39,0.88,"₹2,011",16.8,,,409.16,"15 articles, dominant topic: general. Does Sundaram Finance (NSE:SUNDARMFIN) Deserve A Spot On Your Watchlist? - simplywall.st (mostly general-related coverage, no strong signal)",Neutral,"simplywall.st, TradingView, HDFC Sky",✓ Strong REV GROWTH 16.8%,✗ Below 200-day MA — long-term trend broken,6,13,3,22,❌ WAIT,"> ₹2,212",WATCH
2026-08-31,2026-08,35,⭐ High Fit (13.8%),"₹233,000 (2.0%)",KSOLVES,Technology,Software - Application,QUALITY_GROWTH,Medium,Long-term Growth,₹635 Cr,245.75,268.3,353.99,-24.21%,,,,,⚪ Unknown,,,0.19,15.65,17.12,12.4,21.59,5.6,₹391,,,,19.4,,,,✓ Attractive PE (17.1x) | ✓ Good dividend yield (5.6%),✗ High debt (19.4x) | ✗ Expensive P/B (21.6x),0,21,0,21,❌ WAIT,< ₹313,WATCH
2026-08-31,2026-08,36,⭐ High Fit (6.3%),"₹233,000 (2.0%)",AUROPHARMA,Healthcare,Drug Manufacturers - Specialty & Generic,QUALITY_GROWTH,Medium,Long-term Growth,"₹94,667 Cr",1016.1,1717,1682.4,2.06%,,,,,⚪ Unknown,,,0.02,64.01,25.7,652.39,2.52,0.24,"₹1,600",,,,21.31,,,,✓ Attractive P/B (2.5x),✗ High debt (21.3x),0,20,0,20,❌ WAIT,"₹1,600 – ₹1,760",WATCH
2026-08-31,2026-08,37,⭐ High Fit (7.1%),"₹233,000 (2.0%)",BRITANNIA,Consumer Defensive,Packaged Foods,CONSUMER_STAPLES,Low,Defensive,"₹1,29,647 Cr",5035,5250,6336,-17.14%,,,,,⚪ Unknown,,,0.42,108.34,49.68,212.01,25.39,1.7,"₹3,792",,,,26.88,,,,,,0,20,0,20,❌ WAIT,"> ₹4,171",WATCH
2026-08-31,2026-08,38,⭐ High Fit (7.1%),"₹233,000 (2.0%)",LTFOODS,Consumer Defensive,Packaged Foods,CONSUMER_STAPLES,Low,Defensive,"₹15,204 Cr",333.15,446.55,490.7,-9.00%,,,,,⚪ Unknown,,,0.36,18.46,23.72,51.33,8.53,0.91,₹646,,,,28.49,,,,✓ Attractive PE (23.7x),,0,20,0,20,❌ WAIT,< ₹517,WATCH
2026-08-31,2026-08,39,⭐ High Fit (7.1%),"₹233,000 (2.0%)",GILLETTE,Consumer Defensive,Household & Personal Products,CONSUMER_STAPLES,Low,Defensive,"₹24,142 Cr",7206,7329,10740,-31.76%,,,,,⚪ Unknown,,,0.28,163.66,45.27,290.45,25.51,2.43,"₹5,728",,,,,,,,,,0,20,0,20,❌ WAIT,"> ₹6,301",WATCH
2026-08-31,2026-08,40,⚠️ Overweight (21.1%),"₹233,000 (2.0%)",PNBHOUSING,Financial Services,Mortgage Finance,FINANCIAL_NBFC,Medium-High,Financial/Growth,"₹30,723 Cr",729.6,1148.7,1207,-4.83%,,,,,⚪ Unknown,,,0.3,88.65,13.29,737.64,1.6,0.68,"₹1,106",,,,287.73,,,,,,0,20,0,20,❌ WAIT,"₹1,106 – ₹1,217",WATCH
2026-08-31,2026-08,41,⚠️ Overweight (21.1%),"₹233,000 (2.0%)",MANAPPURAM,Financial Services,Credit Services,FINANCIAL_NBFC,Medium-High,Financial/Growth,"₹32,689 Cr",245.15,340.1,381.55,-10.86%,,,,,⚪ Unknown,,,0.81,16.26,21.4,170.87,2.04,1.15,₹256,,,,360.19,,,,,,0,20,0,20,❌ WAIT,> ₹282,WATCH
2026-08-31,2026-08,42,⭐ High Fit (6.3%),"₹233,000 (2.0%)",FORTIS,Healthcare,Medical Care Facilities,QUALITY_GROWTH,Medium,Long-term Growth,"₹69,754 Cr",766.8,906.9,1104.3,-17.88%,-2.14,-1.21,-4.03,Downtrend,🟡 Consolidating,41.8,1.4,0.83,13.7,67.44,131.07,7.05,0.11,₹342,17.14,,,34.15,"55 articles, dominant topic: acquisitions. FORTIS Forecast — Price Target — Prediction for 2027 - TradingView (bullish signals: record high)",Neutral,"TradingView, simplywall.st, Goodreturns",✓ Strong REV GROWTH 17.1%,✗ High debt (34.1x) | ✗ Expensive PE (67.4x) | ✗ Below 200-day MA — long-term trend broken,8,6,5,19,❌ WAIT,> ₹377,AVOID
2026-08-31,2026-08,43,⭐ High Fit (6.3%),"₹233,000 (2.0%)",CIPLA,Healthcare,Drug Manufacturers - Specialty & Generic,QUALITY_GROWTH,Medium,Long-term Growth,"₹1,14,877 Cr",1165.7,1409.2,1673,-15.77%,,,,,⚪ Unknown,,,0.09,41.7,34.1,426.25,3.34,0.9,"₹1,042",,,,1.78,,,,,✗ High debt (1.8x),0,19,0,19,❌ WAIT,"> ₹1,147",AVOID
2026-08-31,2026-08,44,⭐ High Fit (8.4%),"₹233,000 (2.0%)",MRF,Consumer Cyclical,Auto Parts,CONSUMER_DISCRETIONARY,Medium-High,Growth/Cyclical,"₹56,017 Cr",122000,133745,163600,-18.25%,,,,,⚪ Unknown,,,0.15,5771.52,22.88,49454.97,2.67,0.35,"₹1,15,430",,,,15.29,,,,✓ Attractive P/B (2.7x),✗ High debt (15.3x),0,19,0,19,❌ WAIT,"> ₹1,26,973",AVOID
2026-08-31,2026-08,45,⭐ High Fit (13.8%),"₹233,000 (2.0%)",KPITTECH,Technology,Software - Infrastructure,QUALITY_GROWTH,Medium,Long-term Growth,"₹16,590 Cr",543,585,1328,-55.95%,,,,,⚪ Unknown,,,,21.27,28.65,130.07,4.69,1.23,₹532,,,,23.62,,,,,✗ High debt (23.6x),0,19,0,19,❌ WAIT,> ₹585,AVOID
2026-08-31,2026-08,46,⭐ High Fit (1.9%),"₹233,000 (2.0%)",JPPOWER,Utilities,Utilities - Independent Power Producers,INDUSTRIAL_CAPEX,High,Cyclical,"₹11,596 Cr",13.15,16.45,24.5,-32.86%,,,,,⚪ Unknown,,,0.33,0.7,24.17,13.03,1.3,,₹14,,,,26.63,,,,✓ Attractive P/B (1.3x),✗ High debt (26.6x),0,19,0,19,❌ WAIT,> ₹15,AVOID
2026-08-31,2026-08,47,⭐ High Fit (10.7%),"₹233,000 (2.0%)",VINATIORGA,Basic Materials,Specialty Chemicals,QUALITY_GROWTH,Medium,Long-term Growth,"₹13,677 Cr",1203,1329.9,1849.9,-28.11%,,,,,⚪ Unknown,,,0.23,43.2,30.52,305.04,4.32,0.57,"₹1,080",,,,,,,,,,0,19,0,19,❌ WAIT,"> ₹1,188",AVOID
2026-08-31,2026-08,48,⭐ High Fit (6.3%),"₹233,000 (2.0%)",POLYCAB,Industrials,Electrical Equipment & Parts,INDUSTRIAL_CAPEX,High,Cyclical,"₹1,37,048 Cr",6663,9445,10126,-6.73%,,,,,⚪ Unknown,,,0.64,189.23,48.08,803.33,11.33,0.52,"₹3,785",,25.55,13.4,1.74,,,,✓ Strong ROE 25.6%,✗ Expensive PE (48.1x) | ✗ Expensive P/B (11.3x),14,4,0,18,❌ WAIT,"> ₹4,163",AVOID
2026-08-31,2026-08,49,⭐ High Fit (6.3%),"₹233,000 (2.0%)",ZYDUSLIFE,Healthcare,Drug Manufacturers - Specialty & Generic,QUALITY_GROWTH,Medium,Long-term Growth,"₹1,18,803 Cr",835.5,1161.3,1205,-3.63%,,,,,⚪ Unknown,,,0.37,44.83,26.57,269.43,4.42,0.08,"₹1,121",,,,42.3,,,,,✗ High debt (42.3x),0,17,0,17,❌ WAIT,"₹1,121 – ₹1,233",AVOID
2026-08-31,2026-08,50,⭐ High Fit (6.3%),"₹233,000 (2.0%)",SUPRIYA,Healthcare,Biotechnology,QUALITY_GROWTH,Medium,Long-term Growth,"₹6,248 Cr",545.5,798.3,1085,-26.42%,,,,,⚪ Unknown,,,0.67,24.62,31.53,148.77,5.22,0.13,₹616,,,,0.45,,,,,,3,14,0,17,❌ WAIT,> ₹677,AVOID
2026-08-31,2026-08,51,⚠️ Overweight (21.1%),"₹233,000 (2.0%)",ARMANFIN,Financial Services,Credit Services,FINANCIAL_NBFC,Medium-High,Financial/Growth,"₹2,068 Cr",1301,1980.7,2158.6,-8.24%,,,,,⚪ Unknown,,,0.2,110.08,17.87,888.88,2.21,,"₹1,333",,,,190.26,,,,,,0,15,0,15,❌ WAIT,"> ₹1,467",AVOID
2026-08-31,2026-08,52,⚠️ Overweight (21.1%),"₹233,000 (2.0%)",INDUSINDBK,Financial Services,Banks - Regional,FINANCIAL_BANK,Medium,Financial,"₹78,140 Cr",710.6,1016.6,1077.85,-5.68%,,,,,⚪ Unknown,,,0.49,16.77,59.8,844.19,1.19,0.15,"₹1,266",,,,,,,,,,0,15,0,15,❌ WAIT,"₹1,013 – ₹1,140",AVOID
2026-08-31,2026-08,53,⚠️ Overweight (21.1%),"₹233,000 (2.0%)",IRFC,Financial Services,Credit Services,FINANCIAL_NBFC,Medium-High,Financial/Growth,"₹1,10,625 Cr",84.5,83.34,137.17,-39.24%,,,,,⚪ Unknown,,,0.33,5.49,15.42,43.46,1.95,,₹65,,,,773.35,,,,,,0,15,0,15,❌ WAIT,> ₹72,AVOID
2026-08-31,2026-08,54,⭐ High Fit (6.3%),"₹233,000 (2.0%)",GLAND,Healthcare,Drug Manufacturers - Specialty & Generic,QUALITY_GROWTH,Medium,Long-term Growth,"₹47,642 Cr",1573.6,2885.8,3039.8,-5.07%,,,,,⚪ Unknown,,,0.57,68.1,42.41,628.68,4.59,0.69,"₹1,702",,,,2.74,,,,,✗ High debt (2.7x),0,14,0,14,❌ WAIT,"> ₹1,873",AVOID
2026-08-31,2026-08,55,⭐ High Fit (6.3%),"₹233,000 (2.0%)",MAXHEALTH,Healthcare,Medical Care Facilities,QUALITY_GROWTH,Medium,Long-term Growth,"₹98,885 Cr",903,1042.1,1221.9,-14.71%,2.76,5.21,-5.13,Downtrend,🟡 Consolidating,50.6,0.84,0.72,14.96,67.91,110.43,9.2,0.2,₹374,19.03,,,32.37,"42 articles, dominant topic: dividends. Three Days Left Until Max Healthcare Institute Limited (NSE:MAXHEALTH) Trades Ex-Dividend - simplywall.st (bullish signals: record high)",Neutral,"simplywall.st, Upstox, vinanet.vn",✓ Strong REV GROWTH 19.0%,✗ High debt (32.4x) | ✗ Expensive PE (67.9x) | ✗ Expensive P/B (9.2x),8,3,3,14,❌ WAIT,> ₹411,AVOID
2026-08-31,2026-08,56,⭐ High Fit (1.9%),"₹233,000 (2.0%)",ADANIPOWER,Utilities,Utilities - Independent Power Producers,INDUSTRIAL_CAPEX,High,Cyclical,"₹4,10,050 Cr",120,198,254.2,-22.11%,,,,,⚪ Unknown,,,0.47,7.4,28.73,33.67,6.31,,₹148,,,,82.33,,,,,✗ High debt (82.3x) | ✗ Expensive P/B (6.3x),0,13,0,13,❌ WAIT,> ₹163,AVOID
2026-08-31,2026-08,57,⭐ High Fit (8.4%),"₹233,000 (2.0%)",LUXIND,Consumer Cyclical,Apparel Manufacturing,CONSUMER_DISCRETIONARY,Medium-High,Growth/Cyclical,"₹3,612 Cr",824.05,1210.2,1823.35,-33.63%,,,,,⚪ Unknown,,,0.67,33.99,35.33,609.81,1.97,0.17,₹680,,,,33.96,,,,✓ Attractive P/B (2.0x),✗ High debt (34.0x),0,13,0,13,❌ WAIT,> ₹748,AVOID
2026-08-31,2026-08,58,⭐ High Fit (8.4%),"₹233,000 (2.0%)",VOLTAS,Consumer Cyclical,"Furnishings, Fixtures & Appliances",CONSUMER_DISCRETIONARY,Medium-High,Growth/Cyclical,"₹40,269 Cr",1186.8,1194.4,1582.5,-24.52%,-0.47,-3.83,-10.12,Strong Downtrend,🟡 Consolidating,30.1,1.3,1.16,13.55,89.82,192.7,6.32,0.33,₹271,-7.82,,,15.51,"55 articles, dominant topic: earnings. Voltas shares decline 4% as company flags softer Q2 FY27 outlook, commodity and currency risks - Upstox (bullish signals: upgrade; bearish signals: downgrade, show cause notice)",Neutral,"Upstox, Yahoo Finance, simplywall.st",✓ Oversold RSI (30.1) — good entry,✗ Poor REV GROWTH -7.8% | ✗ High debt (15.5x) | ✗ Expensive PE (89.8x),0,3,10,13,❌ WAIT,> ₹298,AVOID
2026-08-31,2026-08,59,⭐ High Fit (6.3%),"₹233,000 (2.0%)",BIOCON,Healthcare,Biotechnology,QUALITY_GROWTH,Medium,Long-term Growth,,337.05,412,447.15,-7.86%,,,,,⚪ Unknown,,,0.31,3.41,120.56,210.14,1.96,0.12,₹85,,,,42.15,,,,✓ Attractive P/B (2.0x),✗ High debt (42.1x) | ✗ Expensive PE (120.6x),0,12,0,12,❌ WAIT,> ₹94,AVOID
2026-08-31,2026-08,60,⭐ High Fit (6.3%),"₹233,000 (2.0%)",MEDPLUS,Healthcare,Pharmaceutical Retailers,QUALITY_GROWTH,Medium,Long-term Growth,"₹8,144 Cr",648,672.25,1022.2,-34.23%,,,,,⚪ Unknown,,,0.47,17.86,37.97,164.55,4.12,,₹446,,,,72.13,,,,,✗ High debt (72.1x),0,12,0,12,❌ WAIT,> ₹491,AVOID
2026-08-31,2026-08,61,⭐ High Fit (6.3%),"₹233,000 (2.0%)",SUNPHARMA,Healthcare,Drug Manufacturers - Specialty & Generic,QUALITY_GROWTH,Medium,Long-term Growth,"₹4,61,152 Cr",1548,1984.8,2046.9,-3.03%,,,,,⚪ Unknown,,,0.12,50.22,38.27,348.31,5.52,0.84,"₹1,256",,,,5.52,,,,,✗ High debt (5.5x),0,11,0,11,❌ WAIT,"> ₹1,381",AVOID
2026-08-31,2026-08,62,⭐ High Fit (6.3%),"₹233,000 (2.0%)",AJANTPHARM,Healthcare,Drug Manufacturers - Specialty & Generic,QUALITY_GROWTH,Medium,Long-term Growth,"₹44,448 Cr",2329.9,3601.9,3796,-5.11%,,,,,⚪ Unknown,,,0.22,90.7,39.22,362.35,9.82,1.8,"₹2,268",,,,5.87,,,,✓ Good dividend yield (1.8%),✗ High debt (5.9x) | ✗ Expensive P/B (9.8x),0,11,0,11,❌ WAIT,"> ₹2,494",AVOID
2026-08-31,2026-08,63,⭐ High Fit (6.3%),"₹233,000 (2.0%)",HAL,Industrials,Aerospace & Defense,INDUSTRIAL_CAPEX,High,Cyclical,"₹3,25,098 Cr",3479.1,4801.6,5149.9,-6.76%,,,,,⚪ Unknown,,,0.5,139.51,34.84,613.68,7.92,0.41,"₹2,790",,,,0.16,,,,,✗ Expensive P/B (7.9x),3,8,0,11,❌ WAIT,"> ₹3,069",AVOID
2026-08-31,2026-08,64,⭐ High Fit (6.3%),"₹233,000 (2.0%)",GLAXO,Healthcare,Drug Manufacturers - General,QUALITY_GROWTH,Medium,Long-term Growth,"₹52,624 Cr",2088.1,3050.1,3120.7,-2.26%,,,,,⚪ Unknown,,,0.06,63.06,49.26,133.84,23.21,1.83,"₹1,576",,,,1.47,,,,✓ Good dividend yield (1.8%),✗ High debt (1.5x) | ✗ Expensive P/B (23.2x),0,11,0,11,❌ WAIT,"> ₹1,734",AVOID
2026-08-31,2026-08,65,⭐ High Fit (8.4%),"₹233,000 (2.0%)",WHIRLPOOL,Consumer Cyclical,"Furnishings, Fixtures & Appliances",CONSUMER_DISCRETIONARY,Medium-High,Growth/Cyclical,"₹10,676 Cr",751,803.15,1437,-44.11%,,,,,⚪ Unknown,,,0.36,19.91,42.57,327.87,2.57,0.59,₹398,,,,8.62,,,,✓ Attractive P/B (2.6x),✗ High debt (8.6x) | ✗ Expensive PE (42.6x),0,11,0,11,❌ WAIT,> ₹438,AVOID
2026-08-31,2026-08,66,⭐ High Fit (6.3%),"₹233,000 (2.0%)",CUMMINSIND,Industrials,Specialty Industrial Machinery,INDUSTRIAL_CAPEX,High,Cyclical,"₹1,43,950 Cr",3792,5105,6100,-16.31%,,,,,⚪ Unknown,,,0.55,85.12,61.01,305.74,16.98,1.27,"₹1,702",,,,0.43,,,,,✗ Expensive PE (61.0x) | ✗ Expensive P/B (17.0x),3,7,0,10,❌ WAIT,"> ₹1,873",AVOID
2026-08-31,2026-08,67,⚠️ Overweight (21.1%),"₹233,000 (2.0%)",UJJIVANSFB,Financial Services,Banks - Regional,FINANCIAL_BANK,Medium,Financial,"₹13,361 Cr",41.95,69.11,73.94,-6.53%,,,,,⚪ Unknown,,,0.41,4.55,15.07,35.08,1.95,,₹53,,,,,,,,,,0,10,0,10,❌ WAIT,> ₹58,AVOID
2026-08-31,2026-08,68,⭐ High Fit (10.7%),"₹233,000 (2.0%)",ALKYLAMINE,Basic Materials,Specialty Chemicals,QUALITY_GROWTH,Medium,Long-term Growth,"₹10,474 Cr",1212,2003.8,2127,-5.79%,,,,,⚪ Unknown,,,0.27,43.97,46.57,299.81,6.83,0.49,"₹1,099",,,,,,,,,,0,9,0,9,❌ WAIT,"> ₹1,209",SELL
2026-08-31,2026-08,69,⭐ High Fit (10.7%),"₹233,000 (2.0%)",FINEORG,Basic Materials,Specialty Chemicals,QUALITY_GROWTH,Medium,Long-term Growth,"₹16,122 Cr",3856,5282.8,5407,-2.30%,,,,,⚪ Unknown,,,0.22,142.87,36.8,869.06,6.05,0.21,"₹3,572",,,,3.46,,,,,✗ High debt (3.5x),0,9,0,9,❌ WAIT,"> ₹3,929",SELL
2026-08-31,2026-08,70,⭐ High Fit (6.3%),"₹233,000 (2.0%)",DIVISLAB,Healthcare,Drug Manufacturers - Specialty & Generic,QUALITY_GROWTH,Medium,Long-term Growth,"₹2,45,266 Cr",5636.5,9467,9270,2.13%,,,,,⚪ Unknown,,,0.22,97.01,95.24,631.37,14.63,0.32,"₹2,425",,,,0.04,,,,,✗ Expensive PE (95.2x) | ✗ Expensive P/B (14.6x),5,3,0,8,❌ WAIT,"> ₹2,668",SELL
2026-08-31,2026-08,71,⭐ High Fit (6.3%),"₹233,000 (2.0%)",MAZDOCK,Industrials,Aerospace & Defense,INDUSTRIAL_CAPEX,High,Cyclical,"₹1,03,064 Cr",2057.4,2480,3061.4,-18.99%,,,,,⚪ Unknown,,,0.62,65.66,38.91,241.83,10.57,0.82,"₹1,313",,,,4.48,,,,,✗ High debt (4.5x) | ✗ Expensive P/B (10.6x),0,8,0,8,❌ WAIT,"> ₹1,445",SELL
2026-08-31,2026-08,72,⭐ High Fit (8.4%),"₹233,000 (2.0%)",TTKPRESTIG,Consumer Cyclical,"Furnishings, Fixtures & Appliances",CONSUMER_DISCRETIONARY,Medium-High,Growth/Cyclical,"₹8,132 Cr",423,583.8,771.2,-24.30%,,,,,⚪ Unknown,,,0.24,14.08,42.17,144.57,4.11,1.26,₹282,,,,8.8,,,,,✗ High debt (8.8x) | ✗ Expensive PE (42.2x),0,8,0,8,❌ WAIT,> ₹310,SELL
2026-08-31,2026-08,73,⭐ High Fit (6.3%),"₹233,000 (2.0%)",SRF,Industrials,Conglomerates,INDUSTRIAL_CAPEX,High,Cyclical,"₹77,214 Cr",2355,2560.4,3210,-20.24%,,,,,⚪ Unknown,,,0.13,72.87,35.75,473.74,5.5,0.38,"₹1,457",,,,36.2,,,,,✗ High debt (36.2x) | ✗ Expensive P/B (5.5x),0,8,0,8,❌ WAIT,"> ₹1,603",SELL
2026-08-31,2026-08,74,⭐ High Fit (6.3%),"₹233,000 (2.0%)",THYROCARE,Healthcare,Diagnostics & Research,QUALITY_GROWTH,Medium,Long-term Growth,"₹9,254 Cr",342.55,604.5,662,-8.69%,,,,,⚪ Unknown,,,0.46,11.03,52.72,36.79,15.81,2.81,₹276,,,,8.65,,,,✓ Good dividend yield (2.8%),✗ High debt (8.7x) | ✗ Expensive PE (52.7x) | ✗ Expensive P/B (15.8x),0,8,0,8,❌ WAIT,> ₹303,SELL
2026-08-31,2026-08,75,⭐ High Fit (6.3%),"₹233,000 (2.0%)",BEL,Industrials,Aerospace & Defense,INDUSTRIAL_CAPEX,High,Cyclical,"₹3,01,090 Cr",367.55,414.45,473.45,-12.46%,,,,,⚪ Unknown,,,0.28,8.4,49.04,32.82,12.55,0.61,₹168,,,,0.27,,,,,✗ Expensive PE (49.0x) | ✗ Expensive P/B (12.6x),3,4,0,7,❌ WAIT,> ₹185,SELL
2026-08-31,2026-08,76,⭐ High Fit (6.3%),"₹233,000 (2.0%)",DATAPATTNS,Industrials,Aerospace & Defense,INDUSTRIAL_CAPEX,High,Cyclical,"₹25,430 Cr",2131,4521.5,5000,-9.57%,,,,,⚪ Unknown,,,0.54,47.84,94.95,310.08,14.65,0.21,₹957,,,,0.3,,,,,✗ Expensive PE (95.0x) | ✗ Expensive P/B (14.7x),3,4,0,7,❌ WAIT,"> ₹1,052",SELL
2026-08-31,2026-08,77,⭐ High Fit (6.3%),"₹233,000 (2.0%)",TIMKEN,Industrials,Tools & Accessories,INDUSTRIAL_CAPEX,High,Cyclical,"₹23,945 Cr",2800.5,3149.6,3925,-19.76%,,,,,⚪ Unknown,,,0.39,56.68,56.16,387.48,8.22,0.08,"₹1,134",,,,0.5,,,,,✗ Expensive PE (56.2x) | ✗ Expensive P/B (8.2x),3,4,0,7,❌ WAIT,"> ₹1,247",SELL
2026-08-31,2026-08,78,⭐ High Fit (6.3%),"₹233,000 (2.0%)",WOCKPHARMA,Healthcare,Drug Manufacturers - Specialty & Generic,QUALITY_GROWTH,Medium,Long-term Growth,"₹30,867 Cr",1086.7,1883.7,2422.3,-22.24%,,,,,⚪ Unknown,,,0.99,25.09,75.71,304.44,6.24,,₹627,,,,42.28,,,,,✗ High debt (42.3x) | ✗ Expensive PE (75.7x),0,6,0,6,❌ WAIT,> ₹690,SELL
2026-08-31,2026-08,79,⭐ High Fit (8.4%),"₹233,000 (2.0%)",SYMPHONY,Consumer Cyclical,"Furnishings, Fixtures & Appliances",CONSUMER_DISCRETIONARY,Medium-High,Growth/Cyclical,"₹4,114 Cr",592.05,586.45,974.7,-39.83%,,,,,⚪ Unknown,,,0.3,-21.09,,79.39,7.55,1.5,,,,,31.64,,,,✓ Good dividend yield (1.5%),✗ High debt (31.6x) | ✗ Expensive P/B (7.5x),0,6,0,6,❌ WAIT,,SELL
2026-08-31,2026-08,80,⭐ High Fit (7.1%),"₹233,000 (2.0%)",MARICO,Consumer Defensive,Household & Personal Products,CONSUMER_STAPLES,Low,Defensive,"₹1,09,851 Cr",690.3,820,889.1,-7.77%,,,,,⚪ Unknown,,,0.18,14.61,58.01,32.43,26.13,0.47,₹511,,,,12.39,,,,,,0,5,0,5,❌ WAIT,> ₹562,SELL
2026-08-31,2026-08,81,⭐ High Fit (6.3%),"₹233,000 (2.0%)",HONAUT,Industrials,Electrical Equipment & Parts,INDUSTRIAL_CAPEX,High,Cyclical,"₹32,412 Cr",26220,35530,41495,-14.38%,,,,,⚪ Unknown,,,0.51,621.92,58.91,5047.43,7.26,0.3,"₹12,438",,,,2.48,,,,,✗ High debt (2.5x) | ✗ Expensive PE (58.9x) | ✗ Expensive P/B (7.3x),1,4,0,5,❌ WAIT,"> ₹13,682",SELL
2026-08-31,2026-08,82,⭐ High Fit (6.3%),"₹233,000 (2.0%)",HAVELLS,Industrials,Electrical Equipment & Parts,INDUSTRIAL_CAPEX,High,Cyclical,"₹76,745 Cr",1123.6,1244.1,1621.1,-23.26%,,,,,⚪ Unknown,,,0.3,26.05,46.94,150.74,8.11,0.98,₹521,,,,2.8,,,,,✗ High debt (2.8x) | ✗ Expensive PE (46.9x) | ✗ Expensive P/B (8.1x),1,4,0,5,❌ WAIT,> ₹573,SELL
2026-08-31,2026-08,83,⭐ High Fit (6.3%),"₹233,000 (2.0%)",LALPATHLAB,Healthcare,Diagnostics & Research,QUALITY_GROWTH,Medium,Long-term Growth,"₹32,390 Cr",1272.6,1934.6,1988.9,-2.73%,,,,,⚪ Unknown,,,0.19,32.34,59.86,150.21,12.89,1.03,₹809,,,,7.83,,,,,✗ High debt (7.8x) | ✗ Expensive PE (59.9x) | ✗ Expensive P/B (12.9x),0,5,0,5,❌ WAIT,> ₹889,SELL
2026-08-31,2026-08,84,⭐ High Fit (10.7%),"₹233,000 (2.0%)",PIDILITIND,Basic Materials,Specialty Chemicals,QUALITY_GROWTH,Medium,Long-term Growth,"₹1,68,561 Cr",1259,1687.7,1707.5,-1.16%,,,,,⚪ Unknown,,,0.4,25.92,63.89,106.43,15.56,0.69,₹648,,,,3.78,,,,,✗ High debt (3.8x) | ✗ Expensive PE (63.9x) | ✗ Expensive P/B (15.6x),0,5,0,5,❌ WAIT,> ₹713,SELL
2026-08-31,2026-08,85,⭐ High Fit (6.3%),"₹233,000 (2.0%)",BLUESTARCO,Industrials,Building Products & Equipment,INDUSTRIAL_CAPEX,High,Cyclical,"₹30,428 Cr",1450,1463.8,2040,-28.25%,,,,,⚪ Unknown,,,0.17,24.72,59.87,166.9,8.87,0.57,₹494,,,,23.59,,,,,✗ High debt (23.6x) | ✗ Expensive PE (59.9x) | ✗ Expensive P/B (8.9x),0,4,0,4,❌ WAIT,> ₹544,SELL
2026-08-31,2026-08,86,⭐ High Fit (6.3%),"₹233,000 (2.0%)",COCHINSHIP,Industrials,Aerospace & Defense,INDUSTRIAL_CAPEX,High,Cyclical,"₹40,383 Cr",1187,1510,1979.9,-23.73%,,,,,⚪ Unknown,,,0.58,25.79,59.52,223.24,6.88,0.86,₹516,,,,28.47,,,,,✗ High debt (28.5x) | ✗ Expensive PE (59.5x) | ✗ Expensive P/B (6.9x),0,4,0,4,❌ WAIT,> ₹567,SELL
2026-08-31,2026-08,87,⭐ High Fit (6.3%),"₹233,000 (2.0%)",JWL,Industrials,Railroads,INDUSTRIAL_CAPEX,High,Cyclical,"₹10,475 Cr",235.65,240.55,358.25,-32.85%,,,,,⚪ Unknown,,,0.35,3.92,62.53,69.22,3.54,0.82,₹78,,,,33.37,,,,,✗ High debt (33.4x) | ✗ Expensive PE (62.5x) | ✗ Expensive P/B (3.5x),0,4,0,4,❌ WAIT,> ₹86,SELL
2026-08-31,2026-08,88,⭐ High Fit (1.9%),"₹233,000 (2.0%)",ATGL,Utilities,Utilities - Regulated Gas,INDUSTRIAL_CAPEX,High,Cyclical,"₹70,976 Cr",462.8,621.2,859.85,-27.75%,,,,,⚪ Unknown,,,0.61,5.73,112.63,44.23,14.59,0.04,₹115,,,,58.65,,,,,✗ High debt (58.6x) | ✗ Expensive PE (112.6x) | ✗ Expensive P/B (14.6x),0,4,0,4,❌ WAIT,> ₹126,SELL
2026-08-31,2026-08,89,⭐ High Fit (3.8%),"₹233,000 (2.0%)",ADANIENT,Energy,Thermal Coal,COMMODITY_CYCLICAL,Very High,Cyclical,"₹4,50,869 Cr",1753,2859.1,3245,-11.89%,,,,,⚪ Unknown,,,0.81,57.67,54.94,626.03,5.06,0.04,₹461,,,,119.56,,,,,✗ High debt (119.6x) | ✗ Expensive PE (54.9x) | ✗ Expensive P/B (5.1x),0,3,0,3,❌ WAIT,> ₹507,SELL
2026-08-31,2026-08,90,⭐ High Fit (8.4%),"₹233,000 (2.0%)",BHARATFORG,Consumer Cyclical,Auto Parts,CONSUMER_DISCRETIONARY,Medium-High,Growth/Cyclical,"₹97,420 Cr",1104.6,2104.9,2295,-8.28%,,,,,⚪ Unknown,,,0.54,14.76,138.06,200.38,10.17,0.42,₹295,,,,76.47,,,,,✗ High debt (76.5x) | ✗ Expensive PE (138.1x) | ✗ Expensive P/B (10.2x),0,3,0,3,❌ WAIT,> ₹325,SELL
2026-08-31,2026-08,91,⭐ High Fit (10.7%),"₹233,000 (2.0%)",HINDCOPPER,Basic Materials,Copper,COMMODITY_CYCLICAL,Very High,Cyclical,"₹51,596 Cr",228.1,525.35,760.05,-30.88%,,,,,⚪ Unknown,,,1.51,11.74,45.45,34.53,15.45,0.81,₹94,,,,3.32,,,,,✗ High debt (3.3x) | ✗ Expensive PE (45.5x) | ✗ Expensive P/B (15.4x),0,3,0,3,❌ WAIT,> ₹103,SELL
2026-08-31,2026-08,92,⭐ High Fit (6.3%),"₹233,000 (2.0%)",LAURUSLABS,Healthcare,Drug Manufacturers - Specialty & Generic,QUALITY_GROWTH,Medium,Long-term Growth,"₹1,04,740 Cr",823.1,1915,1938.5,-1.21%,,,,,⚪ Unknown,,,0.36,20.35,95.26,98.17,19.75,0.12,₹509,,,,46.37,,,,,✗ High debt (46.4x) | ✗ Expensive PE (95.3x) | ✗ Expensive P/B (19.8x),0,3,0,3,❌ WAIT,> ₹560,SELL
2026-08-31,2026-08,93,⭐ High Fit (6.3%),"₹233,000 (2.0%)",APOLLOHOSP,Healthcare,Medical Care Facilities,QUALITY_GROWTH,Medium,Long-term Growth,"₹1,26,530 Cr",6696.5,8898.5,9050,-1.67%,,,,,⚪ Unknown,,,0.2,144.89,60.74,659.33,13.35,0.23,"₹3,622",,,,85.15,,,,,✗ High debt (85.2x) | ✗ Expensive PE (60.7x) | ✗ Expensive P/B (13.3x),0,3,0,3,❌ WAIT,"> ₹3,984",SELL
2026-08-31,2026-08,94,⭐ High Fit (6.3%),"₹233,000 (2.0%)",KIMS,Healthcare,Medical Care Facilities,QUALITY_GROWTH,Medium,Long-term Growth,"₹30,749 Cr",575.8,755.5,858,-11.95%,,,,,⚪ Unknown,,,0.3,4.99,154,56.16,13.68,,₹125,,,,166.23,,,,,✗ High debt (166.2x) | ✗ Expensive PE (154.0x) | ✗ Expensive P/B (13.7x),0,3,0,3,❌ WAIT,> ₹137,SELL
2026-08-31,2026-08,95,⭐ High Fit (7.1%),"₹233,000 (2.0%)",DMART,Consumer Defensive,Discount Stores,CONSUMER_STAPLES,Low,Defensive,"₹2,55,002 Cr",3529,3900,4949.5,-21.20%,,,,,⚪ Unknown,,,0.23,46.89,83.38,375.95,10.4,,"₹1,641",,,,9.91,,,,,✗ Expensive PE (83.4x),0,2,0,2,❌ WAIT,"> ₹1,805",SELL
2026-08-31,2026-08,96,⚠️ Overweight (21.1%),"₹233,000 (2.0%)",AUBANK,Financial Services,Banks - Regional,FINANCIAL_BANK,Medium,Financial,"₹84,533 Cr",682.15,1086.2,1144.1,-5.06%,,,,,⚪ Unknown,,,,37.76,29.89,267.24,4.22,0.09,₹401,,,,,,,,,✗ Expensive P/B (4.2x),0,0,0,0,❌ WAIT,> ₹441,SELL
2026-08-31,2026-08,97,⭐ High Fit (13.8%),"₹233,000 (2.0%)",MPHASIS,Technology,Information Technology Services,QUALITY_GROWTH,Medium,Long-term Growth,"₹45,796 Cr",2013,2427.4,3037.2,-20.08%,-1.12,0.02,3.63,Uptrend,🟡 Consolidating,30.5,0.87,0.94,100.19,23.95,594.06,4.04,2.58,"₹2,505",11.59,17.74,9.04,24.68,"51 articles, dominant topic: earnings. MPHASIS Forecast — Price Target — Prediction for 2027 - TradingView (bullish signals: profit rises; bearish signals: cuts guidance)",Neutral,"TradingView, Upstox, simplywall.st",✓ Strong ROE 17.7% | ✓ Attractive PE (23.9x) | ✓ Good dividend yield (2.6%) | ✓ Oversold RSI (30.5) — good entry,✗ High debt (24.7x),13,27,20,60,🔎 INVESTIGATE WHY,"₹2,254 – ₹2,505",ACCUMULATE
2026-08-31,2026-08,98,⭐ High Fit (13.8%),"₹233,000 (2.0%)",HCLTECH,Technology,Information Technology Services,QUALITY_GROWTH,Medium,Long-term Growth,"₹3,51,344 Cr",1030,1312.2,1780.1,-26.29%,-0.3,-0.74,-2.58,Downtrend,🟡 Consolidating,38.1,1.62,0.79,64.21,20.22,273.09,4.75,4.62,"₹1,605",11.18,24.07,13.31,7.06,"69 articles, dominant topic: earnings. HCLTECH Share Price Today - HCL Technologies on NSE/BSE - scanx.trade (bullish signals: profit rises)",Neutral,"scanx.trade, Upstox, Reuters",✓ Strong ROE 24.1% | ✓ Attractive PE (20.2x) | ✓ Good dividend yield (4.6%) | ✓ Oversold RSI (38.1) — good entry,✗ High debt (7.1x) | ✗ Below 200-day MA — long-term trend broken,15,27,10,52,🟠 SMALL BUY,"₹1,284 – ₹1,445",ACCUMULATE
2026-08-31,2026-08,99,⭐ High Fit (3.8%),"₹233,000 (2.0%)",ONGC,Energy,Oil & Gas Integrated,COMMODITY_CYCLICAL,Very High,Cyclical,"₹2,92,127 Cr",227.65,231.8,307.5,-24.62%,-0.19,-2.01,-4.42,Strong Downtrend,🟡 Consolidating,28,0.94,0.01,34.61,6.71,295.5,0.79,6.24,₹277,-0.6,,,42.55,"100 articles, dominant topic: earnings. Oil and Natural Gas Corporation Limited (NSE:ONGC) Looks Interesting, And It's About To Pay A Dividend - simplywall.st (bullish signals: outperform, profit rises, record high)",Bullish (8/10),"simplywall.st, AD HOC NEWS, scanx.trade",✓ Attractive PE (6.7x) | ✓ Attractive P/B (0.8x) | ✓ Good dividend yield (6.2%) | ✓ Deeply oversold RSI (28.0),✗ High debt (42.5x) | ✗ Poor REV GROWTH -0.6% | ✗ Below 200-day MA — long-term trend broken,0,30,19,49,🔎 INVESTIGATE WHY,₹222 – ₹249,HOLD
2026-08-31,2026-08,100,⭐ High Fit (13.8%),"₹233,000 (2.0%)",OFSS,Technology,Software - Infrastructure,QUALITY_GROWTH,Medium,Long-term Growth,"₹1,02,758 Cr",6234.5,12540,12060,3.98%,2.87,8.87,12.1,Strong Uptrend,🟣 Breakout,62.3,2.18,0.82,391.61,30.13,795.58,14.83,5.64,"₹9,790",12.05,49.9,30.94,0.57,"48 articles, dominant topic: dividends. Why It Might Not Make Sense To Buy Oracle Financial Services Software Limited (NSE:OFSS) For Its Upcoming Dividend - simplywall.st (mostly dividends-related coverage, no strong signal)",Neutral,"simplywall.st, TradingView, News18",✓ Strong ROE 49.9% | ✓ Good dividend yield (5.6%) | ✓ Volume spike 2.2x on uptrend,✗ High debt (0.6x) | ✗ Expensive P/B (14.8x),16,16,15,47,🟠 SMALL BUY,"> ₹10,769",HOLD
2026-08-31,2026-08,101,⭐ High Fit (1.9%),"₹233,000 (2.0%)",NTPC,Utilities,Utilities - Regulated Electric,INDUSTRIAL_CAPEX,High,Cyclical,"₹3,24,450 Cr",315.55,327.4,414.4,-20.99%,-0.8,-3.56,-5.72,Strong Downtrend,🟡 Consolidating,31.9,1.84,0.54,32.69,10.24,209.44,1.6,3.69,₹654,-1.2,,,118.13,"100 articles, dominant topic: earnings. NTPCGREEN Share Price Today - NTPC Green Energy on NSE/BSE - scanx.trade (bullish signals: profit rises; bearish signals: penalty)",Neutral,"scanx.trade, Upstox, ETLegalWorld.com",✓ Attractive PE (10.2x) | ✓ Attractive P/B (1.6x) | ✓ Good dividend yield (3.7%) | ✓ Oversold RSI (31.9) — good entry,✗ Poor REV GROWTH -1.2% | ✗ High debt (118.1x) | ✗ Below 200-day MA — long-term trend broken,0,30,10,40,🔎 INVESTIGATE WHY,< ₹523,HOLD
2026-08-31,2026-08,102,⭐ High Fit (3.8%),"₹233,000 (2.0%)",OIL,Energy,Oil & Gas Integrated,COMMODITY_CYCLICAL,Very High,Cyclical,"₹76,312 Cr",384.6,483.15,531,-9.01%,0.06,1.29,5.35,Uptrend,🟡 Consolidating,58.3,1.6,-0.23,51.38,9.13,356.62,1.32,2.77,₹411,4.41,,,58.74,"100 articles, dominant topic: dividends. Indian Oil Share Price - Live NSE: IOC Stock Price & Chart - Upstox (bullish signals: record high, upgrade)",Bullish (3/10),"Upstox, The Hindu, Reuters",✓ Bullish news signal (3/10) — positive momentum,✗ High debt (58.7x),3,20,15,38,🔎 INVESTIGATE WHY,> ₹452,HOLD
2026-08-31,2026-08,103,⭐ High Fit (13.8%),"₹233,000 (2.0%)",WIPRO,Technology,Information Technology Services,QUALITY_GROWTH,Medium,Long-term Growth,"₹1,74,506 Cr",169,184.5,273.1,-32.44%,,,,,⚪ Unknown,,,0.39,12.59,14.23,78.32,2.25,4.54,₹315,,16.13,7.26,27.4,,,,✓ Strong ROE 16.1% | ✓ Attractive PE (14.2x) | ✓ Attractive P/B (2.2x) | ✓ Good dividend yield (4.5%),✗ High debt (27.4x),8,30,0,38,🔎 INVESTIGATE WHY,< ₹252,HOLD
2026-08-31,2026-08,104,⚠️ Overweight (21.1%),"₹233,000 (2.0%)",ICICIBANK,Financial Services,Banks - Regional,FINANCIAL_BANK,Medium,Financial,"₹10,21,090 Cr",1187.6,1454,1480,-1.76%,,,,,⚪ Unknown,,,0.26,77.4,18.38,530.38,2.68,0.84,₹796,,16.07,2.11,,,,,✓ Strong ROA 2.1% | ✓ Strong ROE 16.1%,,27,8,0,35,🟠 SMALL BUY,> ₹875,HOLD
2026-08-31,2026-08,105,⭐ High Fit (3.8%),"₹233,000 (2.0%)",COALINDIA,Energy,Thermal Coal,COMMODITY_CYCLICAL,Very High,Cyclical,"₹2,48,974 Cr",368.65,401.75,491.25,-18.22%,0.19,-1.27,-2.99,Strong Downtrend,🟡 Consolidating,33.7,1.01,0.2,50.78,7.96,193.28,2.09,5.16,₹406,0.07,,,11.63,"49 articles, dominant topic: dividends. Income Investors Should Know That Coal India Limited (NSE:COALINDIA) Goes Ex-Dividend Soon - simplywall.st (mostly dividends-related coverage, no strong signal)",Neutral,"simplywall.st, TradingView, Upstox",✓ Attractive PE (8.0x) | ✓ Good dividend yield (5.2%) | ✓ Oversold RSI (33.7) — good entry,✗ High debt (11.6x) | ✗ Below 200-day MA — long-term trend broken,3,20,10,33,🔎 INVESTIGATE WHY,₹366 – ₹406,WATCH
2026-08-31,2026-08,106,⭐ High Fit (3.8%),"₹233,000 (2.0%)",BPCL,Energy,Oil & Gas Refining & Marketing,COMMODITY_CYCLICAL,Very High,Cyclical,"₹1,35,868 Cr",266.6,324.05,391.65,-17.26%,1.5,3.9,1.34,Downtrend,🟡 Consolidating,58.5,1.61,1.38,40.91,7.77,234.37,1.36,6.29,₹327,2.64,,,54.33,"100 articles, dominant topic: earnings. BPCL Share Price - Upstox (bullish signals: record high; bearish signals: downgrade)",Bullish (3/10),"Upstox, HDFC Sky, simplywall.st",✓ Attractive PE (7.8x) | ✓ Good dividend yield (6.3%) | ✓ Bullish news signal (3/10) — positive momentum,✗ High debt (54.3x) | ✗ Below 200-day MA — long-term trend broken,3,25,5,33,🔎 INVESTIGATE WHY,₹295 – ₹327,WATCH
2026-08-31,2026-08,107,⚠️ Overweight (21.1%),"₹233,000 (2.0%)",CANBK,Financial Services,Banks - Regional,FINANCIAL_BANK,Medium,Financial,"₹1,16,231 Cr",103.55,126.9,162.89,-22.09%,,,,,⚪ Unknown,,,0.5,22.01,5.82,129.76,0.99,3.28,₹195,,,,,,,,✓ Attractive P/B (1.0x) | ✓ Good dividend yield (3.3%),,0,30,0,30,🔎 INVESTIGATE WHY,< ₹156,WATCH
2026-08-31,2026-08,108,⭐ High Fit (13.8%),"₹233,000 (2.0%)",BSOFT,Technology,Information Technology Services,QUALITY_GROWTH,Medium,Long-term Growth,"₹8,050 Cr",270.2,291.25,474,-38.55%,,,,,⚪ Unknown,,,0.38,20.43,14.09,147.16,1.96,2.26,₹511,,,,3.42,,,,✓ Attractive PE (14.1x) | ✓ Attractive P/B (2.0x) | ✓ Good dividend yield (2.3%),✗ High debt (3.4x),0,30,0,30,🔎 INVESTIGATE WHY,< ₹409,WATCH
2026-08-31,2026-08,109,⭐ High Fit (13.8%),"₹233,000 (2.0%)",MASTEK,Technology,Information Technology Services,QUALITY_GROWTH,Medium,Long-term Growth,"₹5,896 Cr",1334.2,1748.4,2614,-33.11%,,,,,⚪ Unknown,,,0.22,113.46,16.76,997.28,1.91,1.26,"₹2,836",,,,14.65,,,,✓ Attractive PE (16.8x) | ✓ Attractive P/B (1.9x),✗ High debt (14.7x),0,27,0,27,🔎 INVESTIGATE WHY,"< ₹2,269",WATCH
2026-08-31,2026-08,110,⚠️ Overweight (21.1%),"₹233,000 (2.0%)",KTKBANK,Financial Services,Banks - Regional,FINANCIAL_BANK,Medium,Financial,"₹12,372 Cr",169.12,335.15,338.8,-1.08%,,,,,⚪ Unknown,,,0.28,37.94,8.62,349.84,0.94,1.53,₹525,,,,,,,,✓ Attractive P/B (0.9x),,0,26,0,26,🔎 INVESTIGATE WHY,< ₹420,WATCH
2026-08-31,2026-08,111,⭐ High Fit (7.1%),"₹233,000 (2.0%)",JYOTHYLAB,Consumer Defensive,Household & Personal Products,CONSUMER_STAPLES,Low,Defensive,"₹7,616 Cr",188.1,203.47,347,-41.36%,,,,,⚪ Unknown,,,0.46,7.74,26.8,43.26,4.79,1.69,₹271,,,,3.25,,,,✓ Attractive PE (26.8x),,0,25,0,25,🔎 INVESTIGATE WHY,< ₹217,WATCH
