Script Name,ISIN,Security Type,Sector,Quantity,Avg Unit Cost  ,Invested Value,Closing Price,Closing Value,Unrealized P&L,Day Change,Status
Mutual Funds
Kotak Small Cap Fund - Direct Plan - Growth,INF174K01KT2,MUTUAL FUND,Equity,812.6520,184.69,150092.5,334.271,271645.996692,121553.5,-,Active
Canara Robeco Small Cap Fund Direct Growth,INF760K01JC6,MUTUAL FUND,Equity,5978.7650,25.14,150292.5,45.34,271077.2051,120784.71,-,Active
Hdfc Small Cap Fund - Regular Plan - Growth Option,INF179KA1RZ8,MUTUAL FUND,Equity,1863.4600,80.01,149092.87,140.251,261352.12846,112259.26,-,Active
Quant Small Cap Fund Direct Plan - Growth,INF966L01689,MUTUAL FUND,Equity,749.6980,134.31,100694.97,298.7803,223994.9933494,123300.02,-,Active
Quant Infrastructure Fund Direct Plan - Growth,INF966L01721,MUTUAL FUND,Equity,4303.1180,23.28,100195,45.7183,196731.23965940002,96536.24,-,Active
Aditya Birla Sun Life Digital India Fund - Growth-Direct Plan,INF209K01VF2,MUTUAL FUND,Equity,714.0110,140.19,100095,206.04,147114.82643999998,47019.83,-,Active
Nippon India Small Cap Fund Direct Plan Growth Plan Growth,INF204K01K15,MUTUAL FUND,Equity,560.0480,89.45,50097.5,200.0738,112050.93154240001,61953.43,-,Active
Sbi Large Cap Fund - Growth,INF200K01180,MUTUAL FUND,Equity,1351.4890,62.96,85096.1,92.9052,125560.3558428,40464.26,-,Active
Tata Digital India Fund Direct Plan Growth,INF277K01Z77,MUTUAL FUND,Equity,1262.1580,39.61,49997.5,59.7795,75451.17416099999,25453.67,-,Active
Lic Mf Large Cap Fund-Regular Plan-Growth-Growth,INF767K01105,MUTUAL FUND,Equity,1720.0440,36.04,61997.35,57.2778,98520.3362232,36522.99,-,Active
Axis Large Cap Fund - Direct Plan - Growth,INF846K01DP8,MUTUAL FUND,Equity,591.5700,50.71,29998.5,70.4,41646.528000000006,11648.03,-,Active
Sundaram Large And Mid Cap Fund Direct Growth,INF903J01PR9,MUTUAL FUND,Equity,335.6610,60.81,20413.18,97.2378,32638.937185799998,12225.76,-,Active
Icici Prudential Technology Fund - Direct Plan - Growth,INF109K01Z48,MUTUAL FUND,Equity,129.3340,166.23,21499.07,233.17,30156.80878,8657.74,-,Active
Kotak Mid Cap Fund - Direct Plan - Growth,INF174K01LT0,MUTUAL FUND,Equity,176.3130,86.21,15199.24,153.928,27139.507464,11940.27,-,Active
Baroda Bnp Paribas Large Cap Fund Growth,INF251K01894,MUTUAL FUND,Equity,67.6760,88.66,5999.9,230.4426,15595.4333976,9595.53,-,Active