Symbol,Smallcases,Sources,File_Origins
BPCL,Energy Tracker,Zerodha_Smallcase,Energy_Tracker_20_9_2026.csv
COALINDIA,Energy Tracker,Zerodha_Smallcase,Energy_Tracker_20_9_2026.csv
GAIL,Energy Tracker,Zerodha_Smallcase,Energy_Tracker_20_9_2026.csv
INDHOTEL,House of Tata Tracker,Zerodha_Smallcase,House_of_Tata_Tracker_20_9_2026.csv
INFY,IT Tracker,Zerodha_Smallcase,IT_Tracker_20_9_2026.csv
ITC,Dividend Aristocrats Model,Zerodha_Smallcase,Dividend_Aristocrats_Model_20_9_2026.csv
JSWENERGY,Energy Tracker,Zerodha_Smallcase,Energy_Tracker_20_9_2026.csv
NATIONALUM,Growth Income Model; Growth & Value Multicap Model,Groww_Smallcase; Zerodha_Smallcase,Growth_Income_Model_21_9_2026.csv; Growth_Value_Multicap_Model_20_9_2026.csv
NH,Growth Income Model,Groww_Smallcase,Growth_Income_Model_21_9_2026.csv
NHPC,Energy Tracker,Zerodha_Smallcase,Energy_Tracker_20_9_2026.csv
NMDC,Growth & Value Multicap Model,Zerodha_Smallcase,Growth_Value_Multicap_Model_20_9_2026.csv
NTPC,Energy Tracker; Infra Tracker,Zerodha_Smallcase,Energy_Tracker_20_9_2026.csv; Infra_Tracker_20_9_2026.csv
OIL,Energy Tracker,Zerodha_Smallcase,Energy_Tracker_20_9_2026.csv
ONGC,Energy Tracker,Zerodha_Smallcase,Energy_Tracker_20_9_2026.csv
PIDILITIND,Dividend Aristocrats Model,Zerodha_Smallcase,Dividend_Aristocrats_Model_20_9_2026.csv
POWERGRID,Energy Tracker; Infra Tracker,Zerodha_Smallcase,Energy_Tracker_20_9_2026.csv; Infra_Tracker_20_9_2026.csv
RELIANCE,Dividend Aristocrats Model; Energy Tracker,Zerodha_Smallcase,Dividend_Aristocrats_Model_20_9_2026.csv; Energy_Tracker_20_9_2026.csv
TATACAP,House of Tata Tracker,Zerodha_Smallcase,House_of_Tata_Tracker_20_9_2026.csv
TATACONSUM,House of Tata Tracker,Zerodha_Smallcase,House_of_Tata_Tracker_20_9_2026.csv
TATAPOWER,Electric Mobility Theme; Energy Tracker; House of Tata Tracker,Groww_Smallcase; Zerodha_Smallcase,Electric_Mobility_Theme_20_9_2026.csv; Energy_Tracker_20_9_2026.csv; House_of_Tata_Tracker_20_9_2026.csv
TATASTEEL,House of Tata Tracker,Zerodha_Smallcase,House_of_Tata_Tracker_20_9_2026.csv
TATATECH,House of Tata Tracker,Zerodha_Smallcase,House_of_Tata_Tracker_20_9_2026.csv
TCS,House of Tata Tracker; IT Tracker,Zerodha_Smallcase,House_of_Tata_Tracker_20_9_2026.csv; IT_Tracker_20_9_2026.csv
TITAN,House of Tata Tracker,Zerodha_Smallcase,House_of_Tata_Tracker_20_9_2026.csv
VOLTAS,House of Tata Tracker,Zerodha_Smallcase,House_of_Tata_Tracker_20_9_2026.csv
