Snapshot Date,Snapshot Month,Symbol,Sector,Industry,Archetype,Economic Sensitivity,Investor Role,Mkt Cap Cr,52W Low,CMP,52W High,Buy 20% Less,Day Chg%,1W Return %,1M Return %,3M Return %,6M Return %,Trend,Technical Setup,RSI,Vol Spike,Beta,EPS,PE,Book Value,P/B,Div Yield%,Fair Val,Rev Growth%,ROE%,ROA%,Debt/Equity,News Summary & Digest,Sentiment & Score,News Source,Strengths,Weaknesses,Quality Score,Valuation Score,Timing Score,Total Score,Buying Zone,Buy/Sell Price Range,Final Action
2026-09-30,2026-09,ASIANPAINT,Basic Materials,Specialty Chemicals,QUALITY_GROWTH,Medium,Long-term Growth,"₹2,31,532 Cr",2115.0,2402.6,2985.7,-19.53%,-0.51,-2.13,-6.71,-12.24,10.95,Downtrend,🟡 Consolidating,35.5,1.09,1.0,49.13,49.16,222.81,10.84,1.14,"₹1,228",5.1,,,17.85,"35 articles, dominant topic: earnings. Asian Paints (NSE: ASIANPAINT) Up 1.48% at ₹2,428.2: EMA 51, RSI and Q1 Numbers - Kalkine India (bullish signals: profit rises)",Neutral,"Kalkine India, simplywall.st, TradingView",✓ Oversold RSI (35.5) — good entry,✗ Weak REV GROWTH 5.1% | ✗ High debt (17.9x) | ✗ Expensive P/B (10.8x),2,8,10,20,❌ WAIT,"> ₹1,351",WATCH
2026-09-30,2026-09,HINDUNILVR,Consumer Defensive,Household & Personal Products,CONSUMER_STAPLES,Low,Defensive,"₹4,39,491 Cr",1866.0,1879.1,2667.2,-29.55%,0.82,-3.64,-5.8,-14.63,-8.95,Strong Downtrend,🟡 Consolidating,37.1,1.12,0.76,43.99,42.52,207.44,9.02,2.35,"₹1,540",5.27,,,3.02,"39 articles, dominant topic: corporate_actions. Hindustan Unilever (NSE: HINDUNILVR) at ₹1,935.0: EMA 51, RSI and Q1 Numbers - Kalkine India (mostly corporate_actions-related coverage, no strong signal)",Neutral,"Kalkine India, simplywall.st, TradingView",✓ Oversold RSI (37.1) — good entry,✗ Below 200-day MA — long-term trend broken,3,20,10,33,❌ WAIT,"> ₹1,694",WATCH
2026-09-30,2026-09,ASTRAL,Industrials,Building Products & Equipment,INDUSTRIAL_CAPEX,High,Cyclical,"₹36,996 Cr",1311.6,1370.4,1768.7,-22.52%,-0.33,-1.75,-9.06,-0.9,-9.87,Strong Downtrend,🟡 Consolidating,31.1,0.45,0.77,21.4,64.35,151.05,9.12,0.29,₹428,12.62,,,6.17,"50 articles, dominant topic: corporate_actions. Here's What We Like About Astral's (NSE:ASTRAL) Upcoming Dividend - simplywall.st (bearish signals: downgrade)",Neutral,"simplywall.st, TradingView, Business Standard",✓ Oversold RSI (31.1) — good entry,✗ High debt (6.2x) | ✗ Expensive PE (64.3x) | ✗ Expensive P/B (9.1x),5,4,10,19,❌ WAIT,> ₹471,AVOID
2026-09-30,2026-09,HAPPSTMNDS,Technology,Information Technology Services,QUALITY_GROWTH,Medium,Long-term Growth,"₹4,608 Cr",303.3,310.6,535.95,-42.05%,0.62,-2.23,-14.36,-10.41,-18.63,Strong Downtrend,🟡 Consolidating,24.0,0.59,1.22,14.65,20.93,117.93,2.6,2.38,₹366,12.34,13.32,,98.7,"19 articles, dominant topic: dividends. Happiest Minds Technologies Limited (NSE:HAPPSTMNDS) Just Reported First-Quarter Earnings: Have Analysts Changed Their Mind On The Stock? - simplywall.st (mostly dividends-related coverage, no strong signal)",Neutral,"simplywall.st, TradingView, Kalkine India",✓ Attractive PE (20.9x) | ✓ Attractive P/B (2.6x) | ✓ Good dividend yield (2.4%) | ✓ Deeply oversold RSI (24.0),✗ High debt (98.7x) | ✗ Below 200-day MA — long-term trend broken,10,30,15,55,🔎 INVESTIGATE WHY,₹293 – ₹330,ACCUMULATE
2026-09-30,2026-09,IEX,Financial Services,Capital Markets,FINANCIAL_CAPITAL_MARKETS,High,Market-sensitive,"₹9,576 Cr",107.54,107.0,160.27,-33.24%,0.57,-5.44,-10.23,-13.67,-13.85,Strong Downtrend,🟡 Consolidating,27.4,1.07,1.19,5.63,19.13,15.25,7.06,3.71,₹113,14.61,,,0.82,"86 articles, dominant topic: dividends. Indian Energy Exchange Ltd Share Price Today,, IEX Share Price NSE, BSE - businesstoday.in (bullish signals: profit rises)",Neutral,"businesstoday.in, Business Standard, simplywall.st",✓ Attractive PE (19.1x) | ✓ Good dividend yield (3.7%) | ✓ Deeply oversold RSI (27.4),✗ Below 200-day MA — long-term trend broken,5,30,15,50,🔎 INVESTIGATE WHY,₹101 – ₹113,ACCUMULATE
2026-09-30,2026-09,HDFCBANK,Financial Services,Banks - Regional,FINANCIAL_BANK,Medium,Financial,"₹11,01,188 Cr",681.9,708.7,1020.5,-30.55%,-1.94,-3.87,-0.45,-11.53,-6.56,Strong Downtrend,🟡 Consolidating,56.5,1.41,1.26,44.72,15.97,393.81,1.81,1.82,₹591,4.73,13.84,1.75,,"49 articles, dominant topic: management. HDFC Bank Limited (HDFCBANK.NS) stock price, news, quote and history - Yahoo Finance Singapore (bullish signals: beats estimates)",Neutral,"Yahoo Finance Singapore, businesstoday.in, Kalkine India",✓ Strong ROA 1.8%,✗ Weak REV GROWTH 4.7% | ✗ Below 200-day MA — long-term trend broken,22,16,3,41,🟠 SMALL BUY,> ₹650,HOLD
2026-09-30,2026-09,GMMPFAUDLR,Industrials,Specialty Industrial Machinery,INDUSTRIAL_CAPEX,High,Cyclical,"₹6,654 Cr",735.0,1466.7,1533.6,-4.36%,-0.7,2.38,35.33,89.05,69.06,Strong Uptrend,🟡 Consolidating,67.5,0.28,0.81,15.65,94.57,267.92,5.52,0.14,₹313,10.54,,,84.46,"10 articles, dominant topic: dividends. GMMPFAUDLR Forecast — Price Target — Prediction for 2027 - TradingView (mostly dividends-related coverage, no strong signal)",Neutral,"TradingView, simplywall.st, equitypandit.com",,✗ High debt (84.5x) | ✗ Expensive PE (94.6x) | ✗ Expensive P/B (5.5x),5,4,10,19,❌ WAIT,> ₹344,AVOID
2026-09-30,2026-09,TANLA,Technology,Software - Application,QUALITY_GROWTH,Medium,Long-term Growth,"₹6,499 Cr",365.9,492.15,748.45,-34.24%,0.31,-1.65,-9.39,-8.7,18.2,Downtrend,🟡 Consolidating,43.0,0.71,1.5,40.18,12.25,187.61,2.62,2.44,"₹1,004",9.68,,,2.12,"49 articles, dominant topic: corporate_actions. TANLA Forecast — Price Target — Prediction for 2027 - TradingView (mostly corporate_actions-related coverage, no strong signal)",Neutral,"TradingView, Alice Blue, simplywall.st",✓ Attractive PE (12.2x) | ✓ Attractive P/B (2.6x) | ✓ Good dividend yield (2.4%),✗ Weak REV GROWTH 9.7% | ✗ High debt (2.1x) | ✗ Below 200-day MA — long-term trend broken,2,30,5,37,🔎 INVESTIGATE WHY,< ₹804,HOLD
2026-09-30,2026-09,HDFCLIFE,Financial Services,Insurance - Life,FINANCIAL_INSURANCE,Low-Medium,Defensive,"₹1,13,609 Cr",508.7,521.2,788.5,-33.9%,-0.45,-7.18,-3.54,-8.19,-9.88,Strong Downtrend,🟡 Consolidating,48.0,1.05,0.98,9.13,57.29,89.8,5.82,0.4,₹180,1.71,10.83,0.38,15.88,"45 articles, dominant topic: earnings. HDFC Life (NSE: HDFCLIFE) Up 0.84% at ₹531.35: EMA 51, RSI and Q1 Numbers - Kalkine India (bullish signals: strong growth, upgrade; bearish signals: downgrade)",Bullish (3/10),"Kalkine India, TechGraph, TradingView",✓ Bullish news signal (3/10) — positive momentum,✗ Poor REV GROWTH 1.7% | ✗ Expensive P/B (5.8x) | ✗ Below 200-day MA — long-term trend broken,8,2,7,17,❌ WAIT,> ₹198,AVOID
2026-09-30,2026-09,TRENT,Consumer Cyclical,Apparel Retail,CONSUMER_DISCRETIONARY,Medium-High,Growth/Cyclical,"₹1,40,427 Cr",2183.6667,2621.6,4908.0,-46.59%,-0.51,-5.49,-8.18,-21.52,2.73,Downtrend,🟡 Consolidating,25.6,1.14,1.27,33.35,78.97,130.99,20.1,0.15,₹667,17.64,,,36.03,"100 articles, dominant topic: earnings. Trent Share Price Today (TRENT) | NSE/BSE Live - TechGraph (bullish signals: profit rises; bearish signals: misses estimates)",Neutral,"TechGraph, Kalkine India, simplywall.st",✓ Strong REV GROWTH 17.6% | ✓ Deeply oversold RSI (25.6),✗ High debt (36.0x) | ✗ Expensive PE (79.0x) | ✗ Expensive P/B (20.1x),8,3,15,26,❌ WAIT,> ₹734,WATCH
2026-09-30,2026-09,TATAELXSI,Technology,Software - Application,QUALITY_GROWTH,Medium,Long-term Growth,"₹19,497 Cr",3126.3,3088.9,5950.0,-48.09%,-3.82,-3.83,-15.09,-16.04,-26.4,Strong Downtrend,🟡 Consolidating,20.8,1.55,1.02,105.3,29.72,488.2,6.41,2.4,"₹2,632",0.76,,,5.34,"26 articles, dominant topic: dividends. Just Three Days Till Tata Elxsi Limited (NSE:TATAELXSI) Will Be Trading Ex-Dividend - simplywall.st (mostly dividends-related coverage, no strong signal)",Neutral,"simplywall.st, Kalkine India, Upstox",✓ Good dividend yield (2.4%) | ✓ Deeply oversold RSI (20.8),✗ Poor REV GROWTH 0.8% | ✗ High debt (5.3x) | ✗ Below 200-day MA — long-term trend broken,0,19,15,34,❌ WAIT,"> ₹2,896",WATCH
2026-09-30,2026-09,DEEPAKNTR,Basic Materials,Chemicals,QUALITY_GROWTH,Medium,Long-term Growth,"₹21,032 Cr",1280.0,1529.8,1897.9,-19.4%,0.05,-6.48,-14.19,-1.37,11.55,Downtrend,🟡 Consolidating,30.9,0.65,0.99,57.45,26.84,427.94,3.6,0.49,"₹1,436",-4.08,,,27.9,"18 articles, dominant topic: earnings. DEEPAKNTR Forecast — Price Target — Prediction for 2027 - TradingView (bearish signals: profit falls)",Neutral,"TradingView, simplywall.st, Univest",✓ Oversold RSI (30.9) — good entry,✗ Poor REV GROWTH -4.1% | ✗ High debt (27.9x) | ✗ Below 200-day MA — long-term trend broken,0,17,10,27,❌ WAIT,"₹1,436 – ₹1,580",WATCH
2026-09-30,2026-09,HINDZINC,Basic Materials,Other Industrial Metals & Mining,COMMODITY_CYCLICAL,Very High,Cyclical,"₹2,40,611 Cr",453.5,566.0,733.0,-22.78%,0.48,-4.95,-5.19,5.49,9.56,Strong Downtrend,🟡 Consolidating,38.2,0.69,1.09,39.31,14.49,53.56,10.63,3.69,₹314,18.62,,,39.03,"46 articles, dominant topic: earnings. Hindustan Zinc Share Price - Live NSE: HINDZINC Stock Price & Chart - Upstox (bullish signals: record high; bearish signals: stake sale)",Neutral,"Upstox, simplywall.st, Kalkine India",✓ Oversold RSI (38.2) — good entry,✗ High debt (39.0x) | ✗ Expensive P/B (10.6x) | ✗ Below 200-day MA — long-term trend broken,7,9,10,26,❌ WAIT,> ₹346,WATCH
2026-09-30,2026-09,SONATSOFTW,Technology,Information Technology Services,QUALITY_GROWTH,Medium,Long-term Growth,"₹7,444 Cr",207.15,258.25,400.5,-35.52%,-1.0,-8.42,-10.64,-5.47,13.12,Downtrend,🟡 Consolidating,48.9,0.67,1.5,16.29,16.51,68.81,3.91,2.94,₹407,5.34,,,37.96,"13 articles, dominant topic: dividends. Sonata Software Limited (NSE:SONATSOFTW) Looks Interesting, And It's About To Pay A Dividend - simplywall.st (mostly dividends-related coverage, no strong signal)",Neutral,"simplywall.st, TradingView, Upstox",✓ Attractive PE (16.5x) | ✓ Good dividend yield (2.9%),✗ Weak REV GROWTH 5.3% | ✗ High debt (38.0x) | ✗ Below 200-day MA — long-term trend broken,2,27,5,34,🔎 INVESTIGATE WHY,< ₹326,WATCH
2026-09-30,2026-09,VAIBHAVGBL,Consumer Cyclical,Luxury Goods,CONSUMER_DISCRETIONARY,Medium-High,Growth/Cyclical,"₹3,404 Cr",174.13,204.32,293.25,-30.33%,0.7,-2.47,-6.75,-13.06,11.64,Downtrend,🟡 Consolidating,34.4,0.9,1.64,16.84,12.05,98.66,2.06,2.96,₹337,9.39,,,25.23,"17 articles, dominant topic: dividends. Does Vaibhav Global (NSE:VAIBHAVGBL) Deserve A Spot On Your Watchlist? - simplywall.st (mostly dividends-related coverage, no strong signal)",Neutral,"simplywall.st, equitypandit.com, Univest",✓ Attractive PE (12.1x) | ✓ Attractive P/B (2.1x) | ✓ Good dividend yield (3.0%) | ✓ Oversold RSI (34.4) — good entry,✗ High debt (25.2x) | ✗ Below 200-day MA — long-term trend broken,3,30,10,43,🔎 INVESTIGATE WHY,< ₹269,HOLD
2026-09-30,2026-09,VGUARD,Industrials,Electrical Equipment & Parts,INDUSTRIAL_CAPEX,High,Cyclical,"₹13,533 Cr",288.8,296.45,384.0,-22.8%,-3.45,-6.31,-13.58,-1.66,-7.7,Downtrend,🟠 Volatile,20.4,2.47,0.69,8.28,37.41,54.33,5.7,0.48,₹166,6.89,,,6.96,"13 articles, dominant topic: dividends. Should You Buy V-Guard Industries Limited (NSE:VGUARD) For Its Upcoming Dividend? - simplywall.st (mostly dividends-related coverage, no strong signal)",Neutral,"simplywall.st, Univest, Upstox",✓ Deeply oversold RSI (20.4),✗ Weak REV GROWTH 6.9% | ✗ High debt (7.0x) | ✗ Expensive P/B (5.7x),2,8,15,25,❌ WAIT,> ₹182,WATCH
2026-09-30,2026-09,AMRUTANJAN,Healthcare,Drug Manufacturers - Specialty & Generic,QUALITY_GROWTH,Medium,Long-term Growth,"₹1,463 Cr",476.5,514.75,760.15,-32.28%,1.88,0.92,3.9,-3.83,0.17,Downtrend,🟡 Consolidating,82.6,1.5,0.44,18.68,27.11,128.04,3.95,1.48,₹467,11.36,,,0.48,"31 articles, dominant topic: dividends. Individual investors who hold 31% of Amrutanjan Health Care Limited (NSE:AMRUTANJAN) gained 10%, insiders profited as well - simplywall.st (mostly dividends-related coverage, no strong signal)",Neutral,"simplywall.st, Alice Blue, Univest",,✗ Overbought RSI (82.6) — wait | ✗ Below 200-day MA — long-term trend broken,8,19,0,27,❌ WAIT,> ₹514,WATCH
2026-09-30,2026-09,JKPAPER,Basic Materials,Paper & Paper Products,COMMODITY_CYCLICAL,Very High,Cyclical,"₹7,139 Cr",304.85,393.7,444.8,-11.49%,0.6,-5.19,-1.83,14.01,20.65,Uptrend,🔵 Pullback,37.1,0.49,0.92,17.49,22.51,304.3,1.29,1.02,₹140,6.1,,,44.54,"11 articles, dominant topic: earnings. Is It Smart To Buy JK Paper Limited (NSE:JKPAPER) Before It Goes Ex-Dividend? - simplywall.st (mostly earnings-related coverage, no strong signal)",Neutral,"simplywall.st, equitypandit.com, scanx.trade",✓ Oversold RSI (37.1) — good entry,✗ High debt (44.5x) | ✗ Expensive PE (22.5x),3,12,20,35,❌ WAIT,> ₹154,HOLD
2026-09-30,2026-09,GEOJITFSL,Financial Services,Capital Markets,FINANCIAL_CAPITAL_MARKETS,High,Market-sensitive,"₹2,158 Cr",50.86,76.59,86.5,-11.46%,-0.22,-6.57,-8.08,-1.14,35.44,Uptrend,🔵 Pullback,41.6,0.61,1.28,2.6,29.73,43.03,1.8,1.94,₹52,-9.88,,,9.47,"9 articles, dominant topic: dividends. Insiders were the biggest winners as Geojit Financial Services Limited's (NSE:GEOJITFSL) market cap grew by ₹2.7b last week - simplywall.st (mostly dividends-related coverage, no strong signal)",Neutral,"simplywall.st, equitypandit.com, TradingView",,✗ Poor REV GROWTH -9.9%,0,19,15,34,❌ WAIT,> ₹57,WATCH
2026-09-30,2026-09,AARTIIND,Basic Materials,Specialty Chemicals,QUALITY_GROWTH,Medium,Long-term Growth,"₹17,432 Cr",338.05,475.7,551.75,-13.78%,1.23,-3.19,-9.18,-2.27,17.92,Uptrend,🔵 Pullback,36.5,1.44,1.53,14.63,32.85,164.74,2.92,0.21,₹366,14.48,,,83.39,"20 articles, dominant topic: earnings. AARTIIND Forecast — Price Target — Prediction for 2027 - TradingView (mostly earnings-related coverage, no strong signal)",Neutral,"TradingView, simplywall.st, MarketSmith India",✓ Attractive P/B (2.9x) | ✓ Oversold RSI (36.5) — good entry,✗ High debt (83.4x),5,20,20,45,❌ WAIT,> ₹402,HOLD
2026-09-30,2026-09,TARSONS,Healthcare,Medical Instruments & Supplies,QUALITY_GROWTH,Medium,Long-term Growth,"₹1,779 Cr",164.45,320.3,375.0,-14.59%,-3.04,-4.52,-6.92,20.14,74.15,Uptrend,🔵 Pullback,51.4,0.3,1.23,2.1,159.19,119.92,2.79,,₹52,7.68,,,61.91,"35 articles, dominant topic: acquisitions. TARSONS Forecast — Price Target — Prediction for 2027 - TradingView (mostly acquisitions-related coverage, no strong signal)",Neutral,"TradingView, simplywall.st, Moneycontrol.com",✓ Attractive P/B (2.8x),✗ Weak REV GROWTH 7.7% | ✗ High debt (61.9x) | ✗ Expensive PE (159.2x),2,12,13,27,❌ WAIT,> ₹58,WATCH
2026-09-30,2026-09,INDIGOPNTS,Basic Materials,Specialty Chemicals,QUALITY_GROWTH,Medium,Long-term Growth,"₹5,184 Cr",708.05,1091.0,1345.9,-18.94%,1.12,-4.3,-6.55,2.79,42.3,Uptrend,🔵 Pullback,53.1,0.71,1.26,33.08,32.83,242.13,4.49,0.46,₹827,4.82,,,1.83,"17 articles, dominant topic: earnings. Why You Might Be Interested In Indigo Paints Limited (NSE:INDIGOPNTS) For Its Upcoming Dividend - simplywall.st (mostly earnings-related coverage, no strong signal)",Neutral,"simplywall.st, TradingView, Univest",,✗ Poor REV GROWTH 4.8% | ✗ High debt (1.8x),0,17,13,30,❌ WAIT,> ₹910,WATCH
2026-09-30,2026-09,PAGEIND,Consumer Cyclical,Apparel Manufacturing,CONSUMER_DISCRETIONARY,Medium-High,Growth/Cyclical,"₹41,459 Cr",29805.0,36385.0,43855.0,-17.03%,-0.53,-2.56,1.99,-14.52,8.2,Uptrend,🟠 Volatile,54.5,3.71,0.67,678.51,54.78,1347.15,27.59,2.15,"₹13,570",6.4,,,18.42,"33 articles, dominant topic: management. Page Industries Share Price - Live NSE: PAGEIND Stock Price & Chart - Upstox (mostly management-related coverage, no strong signal)",Neutral,"Upstox, TradingView, simplywall.st",✓ Good dividend yield (2.1%) | ✓ Volume spike 3.7x on uptrend,✗ High debt (18.4x) | ✗ Expensive PE (54.8x) | ✗ Expensive P/B (27.6x),3,8,18,29,❌ WAIT,"> ₹14,927",WATCH
2026-09-30,2026-09,IRCTC,Consumer Cyclical,Travel Services,CONSUMER_DISCRETIONARY,Medium-High,Growth/Cyclical,"₹36,380 Cr",446.5,455.4,735.75,-38.1%,0.63,-1.81,-5.29,-10.6,-11.43,Strong Downtrend,🟡 Consolidating,40.9,1.34,1.05,17.23,26.39,53.86,8.44,1.98,₹345,11.55,,,1.87,"100 articles, dominant topic: earnings. Indian Railway Catering And Tourism Corporation Limited (NSE: IRCTC) Stock Price, News & Analysis - Kalkine (bullish signals: profit rises; bearish signals: stake sale)",Neutral,"Kalkine, TradingView, simplywall.st",✓ Strong REV GROWTH 11.6% | ✓ Good dividend yield (2.0%),✗ High debt (1.9x) | ✗ Expensive P/B (8.4x) | ✗ Below 200-day MA — long-term trend broken,6,18,5,29,❌ WAIT,> ₹379,WATCH
2026-09-30,2026-09,SFL,Consumer Cyclical,"Furnishings, Fixtures & Appliances",CONSUMER_DISCRETIONARY,Medium-High,Growth/Cyclical,"₹6,917 Cr",456.8,634.1,832.45,-23.83%,0.41,-1.4,-1.65,-17.17,26.05,Uptrend,🟡 Consolidating,19.0,0.26,1.03,19.61,32.3,297.8,2.13,0.16,₹392,11.34,,,27.85,"29 articles, dominant topic: earnings. SFL Forecast — Price Target — Prediction for 2027 - TradingView (mostly earnings-related coverage, no strong signal)",Neutral,"TradingView, simplywall.st, equitypandit.com",✓ Strong REV GROWTH 11.3% | ✓ Attractive P/B (2.1x) | ✓ Deeply oversold RSI (19.0),✗ High debt (27.9x),6,13,25,44,❌ WAIT,> ₹431,HOLD
2026-09-30,2026-09,AWL,Consumer Defensive,Packaged Foods,CONSUMER_STAPLES,Low,Defensive,"₹23,223 Cr",171.19,177.68,282.9,-37.19%,-0.6,-4.57,-8.59,-7.03,-0.71,Strong Downtrend,🟡 Consolidating,33.5,0.48,0.82,8.74,20.57,80.73,2.23,0.56,₹306,17.39,,,10.62,"48 articles, dominant topic: promoter_activity. Adani Wilmar Share Price Today, Adani Wilmar Stock Price Live NSE/BSE Updates - The Economic Times (bearish signals: penalty)",Neutral,"The Economic Times, simplywall.st, TradingView",✓ Strong REV GROWTH 17.4% | ✓ Attractive PE (20.6x) | ✓ Oversold RSI (33.5) — good entry,✗ Below 200-day MA — long-term trend broken,8,20,10,38,❌ WAIT,< ₹245,HOLD
2026-09-30,2026-09,RAJESHEXPO,Consumer Cyclical,Luxury Goods,CONSUMER_DISCRETIONARY,Medium-High,Growth/Cyclical,"₹1,882 Cr",62.0,64.7,237.88,-72.8%,2.08,-5.59,-14.54,-31.91,-29.38,Strong Downtrend,🟡 Consolidating,8.9,1.36,1.09,5.72,11.14,584.26,0.11,,₹114,84.05,,,5.83,"17 articles, dominant topic: regulatory. Rajesh Exports Limited's (NSE:RAJESHEXPO) 31% Share Price Plunge Could Signal Some Risk - simplywall.st (mostly regulatory-related coverage, no strong signal)",Neutral,"simplywall.st, equitypandit.com, Univest",✓ Strong REV GROWTH 84.0% | ✓ Attractive PE (11.1x) | ✓ Attractive P/B (0.1x) | ✓ Deeply oversold RSI (8.9),✗ High debt (5.8x) | ✗ Below 200-day MA — long-term trend broken,8,25,15,48,🔎 INVESTIGATE WHY,< ₹92,HOLD
2026-09-30,2026-09,BANDHANBNK,Financial Services,Banks - Regional,FINANCIAL_BANK,Medium,Financial,"₹29,529 Cr",134.25,178.23,220.76,-19.27%,-3.82,-6.87,9.41,-10.38,17.82,Uptrend,🟡 Consolidating,53.6,0.98,1.65,8.09,22.66,158.96,1.15,0.82,₹238,-6.18,,,,"45 articles, dominant topic: earnings. BANDHANBNK Forecast — Price Target — Prediction for 2027 - TradingView (bearish signals: stake sale)",Neutral,"TradingView, Upstox, HDFC Sky",,✗ Poor REV GROWTH -6.2%,0,18,13,31,❌ WAIT,< ₹191,WATCH
2026-09-30,2026-09,JIOFIN,Financial Services,Asset Management,FINANCIAL_NBFC,Medium-High,Financial/Growth,"₹1,44,437 Cr",215.36,216.88,316.85,-31.55%,-0.31,-6.58,-8.04,-9.18,-7.62,Strong Downtrend,🟡 Consolidating,26.1,1.29,1.58,3.13,69.88,211.44,1.03,0.27,₹317,136.41,,,16.29,"44 articles, dominant topic: dividends. JIOFIN Forecast — Price Target — Prediction for 2027 - TradingView (mostly dividends-related coverage, no strong signal)",Neutral,"TradingView, simplywall.st, Yahoo Finance Australia",✓ Strong REV GROWTH 136.4% | ✓ Attractive P/B (1.0x) | ✓ Deeply oversold RSI (26.1),✗ Below 200-day MA — long-term trend broken,8,20,15,43,❌ WAIT,< ₹254,HOLD
2026-09-30,2026-09,EQUITASBNK,Financial Services,Banks - Regional,FINANCIAL_BANK,Medium,Financial,"₹7,729 Cr",51.25,68.93,83.9,-17.84%,2.77,-4.62,-6.12,-9.66,25.37,Downtrend,🟡 Consolidating,40.6,1.02,1.3,4.39,15.39,53.56,1.26,,₹80,5.64,,,94.25,"16 articles, dominant topic: general. EQUITASBNK Forecast — Price Target — Prediction for 2027 - TradingView (mostly general-related coverage, no strong signal)",Neutral,"TradingView, simplywall.st, Yahoo Finance Singapore",,✗ Below 200-day MA — long-term trend broken,4,15,5,24,❌ WAIT,₹64 – ₹72,WATCH
2026-09-30,2026-09,PVRINOX,Communication Services,Entertainment,CONSUMER_DISCRETIONARY,Medium-High,Growth/Cyclical,"₹11,284 Cr",907.4,1242.7,1357.8,-8.48%,4.42,-5.68,1.18,24.11,32.34,Strong Uptrend,🟠 Volatile,52.9,0.98,0.9,28.48,42.12,750.52,1.6,,₹570,16.8,,,91.87,"29 articles, dominant topic: earnings. PVR INOX Limited (NSE: PVRINOX) Falls 6.79% as Stock Movement Draws Market Attention - Kalkine India (mostly earnings-related coverage, no strong signal)",Neutral,"Kalkine India, simplywall.st, TradingView",✓ Strong REV GROWTH 16.8% | ✓ Attractive P/B (1.6x),✗ High debt (91.9x) | ✗ Expensive PE (42.1x),8,9,13,30,❌ WAIT,> ₹627,WATCH
2026-09-30,2026-09,CLEAN,Basic Materials,Specialty Chemicals,QUALITY_GROWTH,Medium,Long-term Growth,"₹8,325 Cr",652.0,794.35,1108.0,-28.31%,2.4,-5.05,-3.51,3.21,14.9,Uptrend,🟡 Consolidating,33.3,0.75,1.1,21.18,36.98,148.94,5.26,0.77,₹530,-0.79,,,0.14,"100 articles, dominant topic: promoter_activity. Clean Max defies market fall, rises 5% after 8.6mn shares trade in block - Business Standard (bullish signals: record high; bearish signals: downgrade, stake sale)",Neutral,"Business Standard, Kalkine India, Moneycontrol.com",✓ Oversold RSI (33.3) — good entry,✗ Poor REV GROWTH -0.8%,5,11,20,36,❌ WAIT,> ₹582,HOLD
2026-09-30,2026-09,SWSOLAR,Technology,Solar,QUALITY_GROWTH,Medium,Long-term Growth,"₹3,983 Cr",148.0,171.18,260.8,-34.36%,0.06,-5.3,-8.67,-30.67,2.85,Strong Downtrend,🟡 Consolidating,34.6,0.98,1.8,-12.29,,27.82,6.13,,,19.77,,,182.95,"13 articles, dominant topic: promoter_activity. Sterling And Wilson Renewable Energy Limited Actuals & Estimates (NSE:SWSOLAR) - TradingView (mostly promoter_activity-related coverage, no strong signal)",Neutral,"TradingView, simplywall.st, Upstox",✓ Strong REV GROWTH 19.8% | ✓ Oversold RSI (34.6) — good entry,✗ High debt (182.9x) | ✗ Below 200-day MA — long-term trend broken,8,4,10,22,❌ WAIT,,WATCH
2026-09-30,2026-09,HMAAGRO,Consumer Defensive,Packaged Foods,CONSUMER_STAPLES,Low,Defensive,"₹1,194 Cr",19.09,23.92,34.24,-30.14%,0.5,1.31,14.34,7.75,1.14,Downtrend,🟡 Consolidating,79.9,0.23,0.82,4.28,5.57,18.9,1.26,1.26,₹150,34.75,,,88.32,"9 articles, dominant topic: earnings. HMAAGRO Stock Price and Chart — NSE:HMAAGRO - TradingView (mostly earnings-related coverage, no strong signal)",Neutral,"TradingView, simplywall.st, scanx.trade",✓ Strong REV GROWTH 34.8% | ✓ Attractive PE (5.6x),✗ Overbought RSI (79.9) — wait | ✗ Below 200-day MA — long-term trend broken,8,20,0,28,🔎 INVESTIGATE WHY,< ₹120,WATCH
2026-09-30,2026-09,SUZLON,Industrials,Specialty Industrial Machinery,INDUSTRIAL_CAPEX,High,Cyclical,"₹54,752 Cr",38.19,39.49,61.5,-35.79%,-0.03,-6.84,-15.08,-30.56,-5.05,Strong Downtrend,🟡 Consolidating,17.3,0.92,1.31,2.22,17.94,7.11,5.6,,₹44,53.73,39.37,,2.81,"100 articles, dominant topic: earnings. Suzlon Energy shares fall 2% to near six-month low, down 15% in one month - The Economic Times (bullish signals: order win; bearish signals: profit falls)",Neutral,"The Economic Times, Univest, Livemint",✓ Strong ROE 39.4% | ✓ Strong REV GROWTH 53.7% | ✓ Attractive PE (17.9x) | ✓ Deeply oversold RSI (17.3),✗ High debt (2.8x) | ✗ Expensive P/B (5.6x) | ✗ Below 200-day MA — long-term trend broken,23,19,15,57,🟠 SMALL BUY,₹36 – ₹40,ACCUMULATE
2026-09-30,2026-09,BECTORFOOD,Consumer Defensive,Packaged Foods,CONSUMER_STAPLES,Low,Defensive,"₹6,432 Cr",165.0,206.74,279.9,-26.14%,-0.94,-5.73,-8.97,17.39,10.1,Uptrend,🟡 Consolidating,13.5,0.79,1.18,4.85,43.24,41.28,5.08,0.62,₹170,9.98,,,15.01,"13 articles, dominant topic: general. BECTORFOOD Forecast — Price Target — Prediction for 2027 - TradingView (mostly general-related coverage, no strong signal)",Neutral,"TradingView, Kalkine India, simplywall.st",✓ Deeply oversold RSI (13.5),,3,15,25,43,❌ WAIT,> ₹187,HOLD
2026-09-30,2026-09,CAMPUS,Consumer Cyclical,Footwear & Accessories,CONSUMER_DISCRETIONARY,Medium-High,Growth/Cyclical,"₹6,423 Cr",207.2,208.83,287.8,-27.44%,-0.44,-1.05,-6.74,-10.55,-10.6,Strong Downtrend,🟡 Consolidating,25.7,0.6,0.63,5.06,41.53,29.66,7.09,0.71,₹101,11.37,,,26.06,"47 articles, dominant topic: earnings. Campus Activewear Limited (NSE:CAMPUS) Looks Interesting, And It's About To Pay A Dividend - simplywall.st (mostly earnings-related coverage, no strong signal)",Neutral,"simplywall.st, TradingView, Business Standard",✓ Strong REV GROWTH 11.4% | ✓ Deeply oversold RSI (25.7),✗ High debt (26.1x) | ✗ Expensive PE (41.5x) | ✗ Expensive P/B (7.1x),6,5,15,26,❌ WAIT,> ₹111,WATCH
2026-09-30,2026-09,RUSHIL,Consumer Cyclical,"Furnishings, Fixtures & Appliances",CONSUMER_DISCRETIONARY,Medium-High,Growth/Cyclical,₹474 Cr,12.49,16.14,30.0,-46.2%,0.06,-3.81,-0.3,-0.67,5.89,Strong Downtrend,🟡 Consolidating,51.3,0.21,1.16,0.79,20.46,21.87,0.74,0.31,₹16,-5.12,,,39.93,"27 articles, dominant topic: corporate_actions. Rushil Décor Limited (NSE:RUSHIL) Is About To Go Ex-Dividend, And It Pays A 0.3% Yield - simplywall.st (mostly corporate_actions-related coverage, no strong signal)",Neutral,"simplywall.st, Kalkine India, The Economic Times",✓ Attractive P/B (0.7x),✗ Poor REV GROWTH -5.1% | ✗ High debt (39.9x) | ✗ Below 200-day MA — long-term trend broken,0,19,3,22,❌ WAIT,₹16 – ₹17,WATCH
2026-09-30,2026-09,GREENPANEL,Basic Materials,Lumber & Wood Production,COMMODITY_CYCLICAL,Very High,Cyclical,"₹1,960 Cr",148.51,160.32,314.4,-49.01%,0.8,-5.18,0.14,-16.33,-12.28,Strong Downtrend,🟡 Consolidating,50.4,1.83,1.18,0.54,296.06,110.57,1.45,0.31,₹4,7.77,,,27.3,"34 articles, dominant topic: earnings. Greenpanel Industries Ltd Share Price Today NSE/BSE Charts - Alice Blue (bearish signals: profit falls)",Neutral,"Alice Blue, TradingView, simplywall.st",,✗ High debt (27.3x) | ✗ Expensive PE (296.1x) | ✗ Below 200-day MA — long-term trend broken,3,11,3,17,❌ WAIT,> ₹5,AVOID
2026-09-30,2026-09,HDFCMOMENT,,,DEFAULT,,,,27.13,29.92,33.23,-9.96%,0.27,-2.51,-4.5,-3.83,7.39,Downtrend,🟡 Consolidating,28.8,0.69,1.05,,23.62,,,,₹25,,,,,"2 articles, dominant topic: general. HDFC Nifty 200 Momentum 30 ETF - equitypandit.com (mostly general-related coverage, no strong signal)",Neutral,"equitypandit.com, Yahoo Finance Australia",✓ Deeply oversold RSI (28.8),✗ Below 200-day MA — long-term trend broken,0,10,15,25,❌ WAIT,> ₹28,WATCH
2026-09-30,2026-09,CPSEETF,,,ETF,Low-Medium,Index / Allocation,,86.7,90.55,112.0,-19.15%,-0.93,-2.57,-2.19,-6.91,-10.19,Strong Downtrend,🟡 Consolidating,20.8,0.68,0.47,,11.78,,,,₹154,,,,,"10 articles, dominant topic: general. CPSEETF Share Price Today - CPSE ETF Stock Analysis - equitypandit.com (mostly general-related coverage, no strong signal)",Neutral,"equitypandit.com, Univest, Upstox",✓ Deeply oversold RSI (20.8) | ✓ Broad index / asset allocation,✗ Below 200-day MA — long-term trend broken,30,20,15,65,🟢 ACCUMULATE,< ₹123,ACCUMULATE
2026-09-30,2026-09,SILVERBEES,,,ETF,Low-Medium,Index / Allocation,,132.99,209.62,360.0,-41.77%,-0.49,-4.83,-6.09,-3.08,-2.93,Strong Downtrend,🟡 Consolidating,34.9,0.77,1.42,,,,,,,,,,,"11 articles, dominant topic: general. SILVERBEES Share Price Today - Nippon India Silver ETF Stock Analysis - equitypandit.com (mostly general-related coverage, no strong signal)",Neutral,"equitypandit.com, Univest, HDFC Sky",✓ Oversold RSI (34.9) — good entry | ✓ Broad index / asset allocation,✗ Below 200-day MA — long-term trend broken,30,20,10,60,🟢 ACCUMULATE,,ACCUMULATE
2026-09-30,2026-09,MON100,,,DEFAULT,,,,213.01,321.08,354.9,-9.53%,-0.86,-1.19,-3.35,-4.41,34.08,Uptrend,🟡 Consolidating,27.2,0.58,0.74,,28.32,,,,₹227,,,,,"10 articles, dominant topic: general. MON100 Share Price Today - Motilal Oswal NASDAQ 100 ETF Stock Analysis - equitypandit.com (mostly general-related coverage, no strong signal)",Neutral,"equitypandit.com, Yahoo Finance Singapore, CNBC TV18",✓ Deeply oversold RSI (27.2),,0,10,25,35,❌ WAIT,> ₹249,HOLD
2026-09-30,2026-09,VBL,Consumer Defensive,Beverages - Non-Alcoholic,CONSUMER_STAPLES,Low,Defensive,"₹1,45,802 Cr",381.0,432.0,555.8,-22.27%,0.47,-0.95,6.44,-16.15,8.09,Downtrend,🟡 Consolidating,69.7,1.6,1.09,10.0,43.1,64.37,6.7,0.46,₹350,7.15,16.85,9.78,15.87,"48 articles, dominant topic: earnings. Some Confidence Is Lacking In Varun Beverages Limited's (NSE:VBL) P/E - simplywall.st (mostly earnings-related coverage, no strong signal)",Neutral,"simplywall.st, Upstox, Yahoo Finance",,✗ Below 200-day MA — long-term trend broken,9,10,0,19,❌ WAIT,> ₹385,AVOID
2026-09-30,2026-09,BRITANNIA,Consumer Defensive,Packaged Foods,CONSUMER_STAPLES,Low,Defensive,"₹1,16,412 Cr",4798.0,4830.0,6271.0,-22.98%,-0.1,-2.01,-6.88,-8.71,-11.28,Strong Downtrend,🟡 Consolidating,31.0,1.94,0.67,107.64,44.9,212.01,22.8,1.87,"₹3,767",7.55,,,26.88,"72 articles, dominant topic: earnings. Stock market today, Sept 29: 227 securities hit 52-week low on NSE; Waaree Energies, Canara Bank, Britannia on list - Upstox (bullish signals: profit rises)",Neutral,"Upstox, TechGraph, AD HOC NEWS",✓ Oversold RSI (31.0) — good entry,✗ Below 200-day MA — long-term trend broken,3,20,10,33,❌ WAIT,"> ₹4,144",WATCH
2026-09-30,2026-09,COLPAL,Consumer Defensive,Household & Personal Products,CONSUMER_STAPLES,Low,Defensive,"₹49,368 Cr",1782.0,1763.3,2329.9,-24.32%,-1.22,-6.54,-5.19,-13.86,-2.49,Strong Downtrend,🟡 Consolidating,43.8,0.66,0.84,49.29,36.82,58.24,31.16,2.64,"₹1,725",-0.26,,,2.99,"29 articles, dominant topic: earnings. Don't Buy Colgate-Palmolive (India) Limited (NSE:COLPAL) For Its Next Dividend Without Doing These Checks - simplywall.st (bullish signals: profit rises; bearish signals: resigns)",Neutral,"simplywall.st, Univest, TradingView",✓ Good dividend yield (2.6%),✗ Poor REV GROWTH -0.3% | ✗ Below 200-day MA — long-term trend broken,0,25,5,30,🔎 INVESTIGATE WHY,"₹1,725 – ₹1,898",WATCH
2026-09-30,2026-09,DABUR,Consumer Defensive,Household & Personal Products,CONSUMER_STAPLES,Low,Defensive,"₹67,934 Cr",368.05,380.1,534.0,-28.82%,-0.08,-1.88,-1.02,-13.35,-6.93,Strong Downtrend,🟡 Consolidating,54.2,0.83,0.93,11.11,34.47,64.38,5.95,2.15,₹389,5.18,,,10.91,"52 articles, dominant topic: earnings. Earnings Update: Dabur India Limited (NSE:DABUR) Just Reported Its Yearly Results And Analysts Are Updating Their Forecasts - simplywall.st (bearish signals: downgrade)",Neutral,"simplywall.st, Univest, Business Standard",✓ Attractive PE (34.5x),✗ Below 200-day MA — long-term trend broken,3,25,3,31,🔎 INVESTIGATE WHY,₹350 – ₹389,WATCH
2026-09-30,2026-09,PGHH,Consumer Defensive,Household & Personal Products,CONSUMER_STAPLES,Low,Defensive,"₹22,349 Cr",6804.0,6798.5,14509.0,-53.14%,-1.06,-5.49,-13.74,-23.05,-29.32,Strong Downtrend,🟠 Volatile,10.7,2.15,0.35,238.34,28.89,232.1,29.66,1.74,"₹8,342",2.15,,,0.12,"21 articles, dominant topic: dividends. PGHH Forecast — Price Target — Prediction for 2027 - TradingView (mostly dividends-related coverage, no strong signal)",Neutral,"TradingView, simplywall.st, Kalkine India",✓ Attractive PE (28.9x) | ✓ Deeply oversold RSI (10.7),✗ Poor REV GROWTH 2.1% | ✗ Below 200-day MA — long-term trend broken,0,25,15,40,🔎 INVESTIGATE WHY,"₹6,674 – ₹7,508",HOLD
2026-09-30,2026-09,AAVAS,Financial Services,Mortgage Finance,FINANCIAL_NBFC,Medium-High,Financial/Growth,"₹9,953 Cr",1060.4,1211.9,1771.9,-31.6%,-2.92,-5.75,-2.92,-19.53,5.44,Strong Downtrend,🟡 Consolidating,34.7,0.97,0.86,86.2,14.56,637.79,1.97,,₹957,14.35,,,310.55,"48 articles, dominant topic: earnings. AAVAS Forecast — Price Target — Prediction for 2027 - TradingView (bullish signals: profit rises; bearish signals: resigns)",Neutral,"TradingView, Univest, Moneycontrol.com",✓ Oversold RSI (34.7) — good entry,✗ Below 200-day MA — long-term trend broken,4,15,10,29,❌ WAIT,"> ₹1,052",WATCH
2026-09-30,2026-09,NUVAMA,Financial Services,Asset Management,FINANCIAL_CAPITAL_MARKETS,High,Market-sensitive,"₹30,272 Cr",1096.9,1652.5,2066.0,-20.01%,0.02,-2.11,-7.42,-12.45,42.06,Uptrend,🟡 Consolidating,31.9,0.81,1.25,58.18,28.2,226.45,7.24,1.71,"₹1,164",6.73,,,282.32,"64 articles, dominant topic: regulatory. Nuvama Wealth Management Ltd Share Price Today NSE/BSE Charts - Alice Blue (bullish signals: upgrade; bearish signals: downgrade, penalty)",Bearish (6/10),"Alice Blue, CNBC TV18, Moneycontrol.com",✓ Oversold RSI (31.9) — good entry,✗ Bearish news signal (6/10) — negative momentum,2,19,17,38,❌ WAIT,"> ₹1,280",HOLD
2026-09-30,2026-09,CHOLAHLDNG,Financial Services,Credit Services,FINANCIAL_NBFC,Medium-High,Financial/Growth,"₹26,030 Cr",1305.0,1386.2,2064.0,-32.84%,1.05,-5.85,-6.02,-17.12,-2.84,Strong Downtrend,🟡 Consolidating,16.9,1.54,1.35,142.12,9.75,823.0,1.68,0.09,"₹1,234",16.81,,,623.16,"20 articles, dominant topic: dividends. Here's Why We Think Cholamandalam Financial Holdings (NSE:CHOLAHLDNG) Might Deserve Your Attention Today - simplywall.st (mostly dividends-related coverage, no strong signal)",Neutral,"simplywall.st, equitypandit.com, CNBC TV18",✓ Strong REV GROWTH 16.8% | ✓ Deeply oversold RSI (16.9),✗ Below 200-day MA — long-term trend broken,6,15,15,36,🔎 INVESTIGATE WHY,"> ₹1,358",HOLD
2026-09-30,2026-09,APTUS,Financial Services,Mortgage Finance,FINANCIAL_NBFC,Medium-High,Financial/Growth,"₹11,669 Cr",193.03,232.53,332.0,-29.96%,-0.35,-7.48,-8.22,-19.22,18.32,Strong Downtrend,🟡 Consolidating,32.2,1.05,1.18,19.67,11.85,101.05,2.31,2.15,₹152,26.96,,,156.2,"48 articles, dominant topic: acquisitions. Is Now The Time To Put Aptus Value Housing Finance India (NSE:APTUS) On Your Watchlist? - simplywall.st (bullish signals: outperform)",Neutral,"simplywall.st, TradingView, Business Standard",✓ Strong REV GROWTH 27.0% | ✓ Good dividend yield (2.1%) | ✓ Oversold RSI (32.2) — good entry,✗ Below 200-day MA — long-term trend broken,8,25,10,43,🔎 INVESTIGATE WHY,> ₹167,HOLD
2026-09-30,2026-09,MOTILALOFS,Financial Services,Capital Markets,FINANCIAL_CAPITAL_MARKETS,High,Market-sensitive,"₹60,316 Cr",614.9,994.0,1097.1,-9.4%,-0.22,-4.65,-2.17,2.65,41.02,Strong Uptrend,🟡 Consolidating,45.2,1.0,1.78,32.21,31.06,214.14,4.67,1.1,₹644,27.63,,,165.8,"31 articles, dominant topic: earnings. With 74% ownership, Motilal Oswal Financial Services Limited (NSE:MOTILALOFS) insiders have a lot riding on the company's future - simplywall.st (mostly earnings-related coverage, no strong signal)",Neutral,"simplywall.st, Kalkine India, Univest",✓ Strong REV GROWTH 27.6%,,8,13,15,36,❌ WAIT,> ₹709,HOLD
2026-09-30,2026-09,STARHEALTH,Financial Services,Insurance - Life,FINANCIAL_INSURANCE,Low-Medium,Defensive,"₹31,891 Cr",416.55,534.65,624.9,-14.44%,-0.64,-2.65,-4.59,-7.87,16.6,Uptrend,🟡 Consolidating,31.4,0.24,0.44,11.33,47.84,172.35,3.14,,₹345,10.07,7.51,2.53,,"26 articles, dominant topic: promoter_activity. Star Health STARHEALTH Promoter Reclassification Request 2026 - Kalkine India (mostly promoter_activity-related coverage, no strong signal)",Neutral,"Kalkine India, TradingView, simplywall.st",✓ Oversold RSI (31.4) — good entry,✗ Poor ROE 7.5%,8,12,20,40,❌ WAIT,> ₹379,HOLD
2026-09-30,2026-09,SBICARD,Financial Services,Credit Services,FINANCIAL_NBFC,Medium-High,Financial/Growth,"₹55,857 Cr",565.45,578.05,965.0,-40.1%,-0.51,-8.97,-8.59,-4.26,-8.98,Strong Downtrend,🟡 Consolidating,21.4,0.37,1.25,23.11,25.4,165.18,3.55,0.43,₹248,9.53,,,280.21,"32 articles, dominant topic: earnings. SBICARD Forecast — Price Target — Prediction for 2027 - TradingView (mostly earnings-related coverage, no strong signal)",Neutral,"TradingView, Univest, CNBC TV18",✓ Deeply oversold RSI (21.4),✗ Below 200-day MA — long-term trend broken,2,8,15,25,❌ WAIT,> ₹273,WATCH
2026-09-30,2026-09,BAJAJHLDNG,Financial Services,Asset Management,FINANCIAL_NBFC,Medium-High,Financial/Growth,"₹1,19,329 Cr",8588.0,10788.0,13250.0,-18.58%,1.77,-5.77,-4.06,-2.06,20.31,Uptrend,🔵 Pullback,47.1,0.95,1.16,795.34,13.48,6572.76,1.63,1.21,"₹9,859",26.96,11.6,,0.01,"31 articles, dominant topic: earnings. Bajaj Holdings & Invs Share Price - Live NSE: BAJAJHLDNG Stock Price & Chart - Upstox (bullish signals: profit rises)",Neutral,"Upstox, Kalkine India, TradingView",✓ Strong REV GROWTH 27.0%,,13,20,15,48,❌ WAIT,"₹9,859 – ₹10,845",HOLD
2026-09-30,2026-09,HDFCAMC,Financial Services,Asset Management,FINANCIAL_CAPITAL_MARKETS,High,Market-sensitive,"₹97,172 Cr",2205.6,2280.7,2967.25,-23.14%,2.58,-6.85,-10.38,-18.55,-2.35,Strong Downtrend,🟡 Consolidating,32.9,1.51,1.5,66.65,33.98,215.42,10.51,2.38,"₹1,333",17.83,,,2.36,"40 articles, dominant topic: earnings. HDFCAMC Stock Price and Chart — NSE:HDFCAMC - TradingView (bullish signals: profit rises; bearish signals: profit falls)",Neutral,"TradingView, simplywall.st, Univest",✓ Good dividend yield (2.4%) | ✓ Oversold RSI (32.9) — good entry,✗ Below 200-day MA — long-term trend broken,5,18,10,33,❌ WAIT,"> ₹1,466",WATCH
2026-09-30,2026-09,MUTHOOTFIN,Financial Services,Credit Services,FINANCIAL_NBFC,Medium-High,Financial/Growth,"₹1,10,589 Cr",2671.0,2737.1,4149.5,-34.04%,0.01,-4.18,-5.78,-10.4,-16.1,Strong Downtrend,🟡 Consolidating,38.2,0.77,1.33,283.36,9.72,1011.32,2.72,1.09,"₹1,517",57.67,31.74,6.4,393.56,"39 articles, dominant topic: earnings. Do Muthoot Finance's (NSE:MUTHOOTFIN) Earnings Warrant Your Attention? - simplywall.st (bullish signals: profit rises)",Neutral,"simplywall.st, Kalkine India, TradingView",✓ Strong ROE 31.7% | ✓ Strong ROA 6.4% | ✓ Strong REV GROWTH 57.7% | ✓ Oversold RSI (38.2) — good entry,✗ Below 200-day MA — long-term trend broken,40,13,10,63,🟢 ACCUMULATE,"> ₹1,669",ACCUMULATE
2026-09-30,2026-09,BAJAJFINSV,Financial Services,Financial Conglomerates,FINANCIAL_NBFC,Medium-High,Financial/Growth,"₹2,80,091 Cr",1597.0,1731.0,2195.0,-21.14%,-0.65,-6.26,-12.22,-8.68,3.6,Downtrend,🟡 Consolidating,17.0,1.64,1.31,62.55,27.98,487.35,3.59,0.07,₹731,13.63,,,256.4,"31 articles, dominant topic: earnings. Bajaj Finserv (NSE: BAJAJFINSV) Up 0.32% at ₹1,768.0: EMA 51, RSI and Q1 Numbers - Kalkine India (bullish signals: profit rises)",Neutral,"Kalkine India, TechGraph, TradingView",✓ Deeply oversold RSI (17.0),✗ Below 200-day MA — long-term trend broken,4,8,15,27,❌ WAIT,> ₹804,WATCH
2026-09-30,2026-09,BAJFINANCE,Financial Services,Credit Services,FINANCIAL_NBFC,Medium-High,Financial/Growth,"₹6,02,184 Cr",787.9,959.4,1176.4,-18.45%,-1.48,-8.03,-8.97,-6.98,13.45,Downtrend,🟡 Consolidating,33.2,1.1,1.55,32.6,29.69,183.34,5.28,0.56,₹275,19.73,,,314.83,"50 articles, dominant topic: earnings. Bajaj Finance Ltd Share Price Today,, BAJFINANCE Share Price NSE, BSE - businesstoday.in (bullish signals: upgrade)",Neutral,"businesstoday.in, simplywall.st, TradingView",✓ Strong REV GROWTH 19.7% | ✓ Oversold RSI (33.2) — good entry,✗ Expensive P/B (5.3x) | ✗ Below 200-day MA — long-term trend broken,6,8,10,24,❌ WAIT,> ₹303,WATCH
2026-09-30,2026-09,SBILIFE,Financial Services,Insurance - Life,FINANCIAL_INSURANCE,Low-Medium,Defensive,"₹1,73,599 Cr",1652.9,1696.4,2132.0,-20.43%,-2.22,-3.61,-2.47,-5.16,-7.64,Strong Downtrend,🟡 Consolidating,49.3,1.67,0.86,25.96,66.64,200.67,8.62,0.16,₹401,-4.28,13.7,0.35,,"47 articles, dominant topic: earnings. SBI Life (NSE: SBILIFE) Down 0.74% at ₹1,742.0: EMA 51, RSI and Q1 Numbers - Kalkine India (bullish signals: profit rises, strong growth)",Bullish (2/10),"Kalkine India, businesstoday.in, Yahoo Finance",✓ Bullish news signal (2/10) — positive momentum,✗ Poor REV GROWTH -4.3% | ✗ Expensive P/B (8.6x) | ✗ Below 200-day MA — long-term trend broken,8,2,6,16,❌ WAIT,> ₹441,AVOID
2026-09-30,2026-09,CUB,Financial Services,Banks - Regional,FINANCIAL_BANK,Medium,Financial,"₹21,338 Cr",156.0375,226.05,248.85,-9.16%,5.18,0.32,-3.8,5.26,21.73,Strong Uptrend,🟠 Volatile,49.6,3.33,1.19,13.54,15.91,106.64,2.02,0.93,₹160,20.26,,,,"45 articles, dominant topic: earnings. Do City Union Bank's (NSE:CUB) Earnings Warrant Your Attention? - simplywall.st (bullish signals: profit rises)",Neutral,"simplywall.st, NiftyTrader, Univest",✓ Strong REV GROWTH 20.3% | ✓ Volume spike 3.3x on uptrend,,10,13,20,43,❌ WAIT,> ₹176,HOLD
2026-09-30,2026-09,KOTAKBANK,Financial Services,Banks - Regional,FINANCIAL_BANK,Medium,Financial,"₹4,06,073 Cr",345.5,417.0,453.2,-7.99%,2.71,0.91,-1.88,5.29,15.86,Strong Uptrend,🟠 Volatile,50.4,2.57,1.0,20.28,20.13,182.2,2.24,0.16,₹273,-0.26,,,,"54 articles, dominant topic: regulatory. Eternal (Zomato) (ETERNAL) Share Price, News, Stock Market Cap NSE/BSE - TechGraph (mostly regulatory-related coverage, no strong signal)",Neutral,"TechGraph, Kalkine India, simplywall.st",✓ Volume spike 2.6x on uptrend,✗ Poor REV GROWTH -0.3%,0,10,18,28,❌ WAIT,> ₹301,WATCH
2026-09-30,2026-09,IDFCFIRSTB,Financial Services,Banks - Regional,FINANCIAL_BANK,Medium,Financial,"₹69,345 Cr",58.08,81.44,89.61,-9.12%,2.49,-7.35,-4.08,1.52,33.73,Uptrend,🟡 Consolidating,34.6,1.03,1.29,2.59,31.05,56.52,1.42,0.31,₹85,11.53,5.26,0.59,,"37 articles, dominant topic: earnings. IDFC First Bank Share Price Rises 2.21%: Valuation View - Univest (mostly earnings-related coverage, no strong signal)",Neutral,"Univest, TradingView, simplywall.st",✓ Oversold RSI (34.6) — good entry,✗ Poor ROE 5.3%,11,15,20,46,❌ WAIT,₹76 – ₹85,HOLD
2026-09-30,2026-09,HEROMOTOCO,Consumer Cyclical,Auto Manufacturers,CONSUMER_DISCRETIONARY,Medium-High,Growth/Cyclical,"₹1,05,655 Cr",4671.5,5241.0,6388.5,-17.96%,0.63,-2.84,-5.65,9.59,4.2,Downtrend,🟡 Consolidating,47.9,1.26,1.21,272.29,19.39,1080.08,4.89,3.5,"₹5,446",15.56,,,3.57,"45 articles, dominant topic: dividends. Hero MotoCorp (NSE:HEROMOTOCO) Could Be A Buy For Its Upcoming Dividend - simplywall.st (mostly dividends-related coverage, no strong signal)",Neutral,"simplywall.st, siam.in, TradingView",✓ Strong REV GROWTH 15.6% | ✓ Attractive PE (19.4x) | ✓ Good dividend yield (3.5%),✗ High debt (3.6x) | ✗ Below 200-day MA — long-term trend broken,8,27,5,40,🔎 INVESTIGATE WHY,"₹4,901 – ₹5,446",HOLD
2026-09-30,2026-09,PNB,Financial Services,Banks - Regional,FINANCIAL_BANK,Medium,Financial,"₹1,30,054 Cr",98.5,113.06,135.15,-16.34%,1.17,-4.43,-1.87,7.32,9.25,Uptrend,🔵 Pullback,38.4,1.2,1.32,18.56,6.1,136.05,0.83,2.65,₹204,4.78,14.97,1.13,,"92 articles, dominant topic: earnings. PNB stock highlights stronger assets after Q1 profit surge - AD HOC NEWS (bullish signals: buy rating, upgrade)",Bullish (3/10),"AD HOC NEWS, Univest, Moneycontrol.com",✓ Attractive P/B (0.8x) | ✓ Good dividend yield (2.6%) | ✓ Oversold RSI (38.4) — good entry | ✓ Bullish news signal (3/10) — positive momentum,✗ Weak REV GROWTH 4.8%,18,30,22,70,🟠 SMALL BUY,< ₹163,BUY
2026-09-30,2026-09,5PAISA,Financial Services,Capital Markets,FINANCIAL_CAPITAL_MARKETS,High,Market-sensitive,"₹1,434 Cr",245.5,305.2,416.95,-26.8%,0.1,-4.07,-11.5,-21.27,6.95,Downtrend,🟡 Consolidating,25.7,0.54,1.18,13.04,23.45,207.53,1.47,,₹261,-21.01,,,58.31,"47 articles, dominant topic: corporate_actions. 5PAISA Share Price Today - 5Paisa Capital Ltd. Stock Price Live NSE/BSE - Univest (mostly corporate_actions-related coverage, no strong signal)",Neutral,"Univest, Moneycontrol.com, CNBC TV18",✓ Deeply oversold RSI (25.7),✗ Poor REV GROWTH -21.0% | ✗ Below 200-day MA — long-term trend broken,0,14,15,29,❌ WAIT,> ₹287,WATCH
2026-09-30,2026-09,HDFCSML250,,,DEFAULT,,,,142.7,179.55,189.83,-5.42%,-0.53,-2.41,-3.13,-0.63,20.95,Uptrend,🟡 Consolidating,34.5,0.91,1.06,,25.4,,,,₹141,,,,,"7 articles, dominant topic: dividends. HDFCSML250 ETF Profile: Dividends, Returns (NSE:HDFCSML250) - TradingView (mostly dividends-related coverage, no strong signal)",Neutral,"TradingView, Alice Blue, equitypandit.com",✓ Oversold RSI (34.5) — good entry,,0,10,20,30,❌ WAIT,> ₹156,WATCH
2026-09-30,2026-09,PIIND,Basic Materials,Agricultural Inputs,QUALITY_GROWTH,Medium,Long-term Growth,"₹35,196 Cr",2191.0,2310.0,3832.9,-39.73%,0.93,-3.19,-3.63,-12.39,-18.3,Strong Downtrend,🟡 Consolidating,44.8,0.64,0.94,76.83,30.2,740.28,3.13,0.65,"₹1,921",-15.61,,,3.05,"24 articles, dominant topic: earnings. PIIND Forecast — Price Target — Prediction for 2027 - TradingView (mostly earnings-related coverage, no strong signal)",Neutral,"TradingView, simplywall.st, Yahoo Finance",,✗ Poor REV GROWTH -15.6% | ✗ High debt (3.0x) | ✗ Below 200-day MA — long-term trend broken,0,19,5,24,❌ WAIT,"> ₹2,113",WATCH
2026-09-30,2026-09,MOM100,,,DEFAULT,,,,56.15,64.29,70.32,-8.58%,-0.83,-3.86,-6.6,-4.46,10.98,Downtrend,🟡 Consolidating,27.6,1.06,1.07,,26.89,,,,₹48,,,,,"1 articles, dominant topic: general. MOM100 Share Price Today - Motilal Oswal Midcap 100 ETF Stock Analysis - equitypandit.com (mostly general-related coverage, no strong signal)",Neutral,equitypandit.com,✓ Deeply oversold RSI (27.6),✗ Below 200-day MA — long-term trend broken,0,10,15,25,❌ WAIT,> ₹53,WATCH
2026-09-30,2026-09,KALYANKJIL,Consumer Cyclical,Luxury Goods,CONSUMER_DISCRETIONARY,Medium-High,Growth/Cyclical,"₹58,882 Cr",327.05,553.15,648.95,-14.76%,-2.76,-5.32,-3.07,45.38,32.13,Uptrend,🟡 Consolidating,14.0,0.99,1.48,13.65,41.77,61.16,9.32,0.44,₹273,42.77,,,96.97,"41 articles, dominant topic: earnings. Why You Might Be Interested In Kalyan Jewellers India Limited (NSE:KALYANKJIL) For Its Upcoming Dividend - simplywall.st (mostly earnings-related coverage, no strong signal)",Neutral,"simplywall.st, TradingView, NiftyTrader",✓ Strong REV GROWTH 42.8% | ✓ Deeply oversold RSI (14.0),✗ High debt (97.0x) | ✗ Expensive PE (41.8x) | ✗ Expensive P/B (9.3x),8,3,25,36,❌ WAIT,> ₹300,HOLD
2026-09-30,2026-09,ABBOTINDIA,Healthcare,Drug Manufacturers - Specialty & Generic,QUALITY_GROWTH,Medium,Long-term Growth,"₹58,106 Cr",25135.0,27125.0,30655.0,-11.52%,-0.53,0.71,4.93,7.91,5.61,Strong Uptrend,🟡 Consolidating,71.6,0.65,0.26,760.13,35.97,2246.75,12.17,1.92,"₹19,003",8.12,,,3.6,"28 articles, dominant topic: dividends. Only Three Days Left To Cash In On Abbott India's (NSE:ABBOTINDIA) Dividend - simplywall.st (mostly dividends-related coverage, no strong signal)",Neutral,"simplywall.st, TradingView, ICICI Direct",✓ Good dividend yield (1.9%),✗ Weak REV GROWTH 8.1% | ✗ High debt (3.6x) | ✗ Expensive P/B (12.2x),2,11,10,23,❌ WAIT,"> ₹20,904",WATCH
2026-09-30,2026-09,SWIGGY,Consumer Cyclical,Internet Retail,CONSUMER_DISCRETIONARY,Medium-High,Growth/Cyclical,"₹66,561 Cr",235.75,250.1,459.95,-45.62%,-1.42,-10.2,-9.05,0.74,-7.98,Strong Downtrend,🟡 Consolidating,27.3,0.35,1.13,-14.28,,70.28,3.62,,,51.72,,,13.93,"100 articles, dominant topic: earnings. Why Swiggy Share Price is up 7% today? - India Infoline (bearish signals: downgrade, loss widens)",Bearish (5/10),"India Infoline, simplywall.st, Moneycontrol.com",✓ Strong REV GROWTH 51.7% | ✓ Deeply oversold RSI (27.3),✗ High debt (13.9x) | ✗ Below 200-day MA — long-term trend broken | ✗ Bearish news signal (5/10) — negative momentum,8,4,13,25,❌ WAIT,,WATCH
2026-09-30,2026-09,MAXHEALTH,Healthcare,Medical Care Facilities,QUALITY_GROWTH,Medium,Long-term Growth,"₹96,056 Cr",903.0,929.8,1221.9,-23.91%,-5.33,-12.27,-7.3,-19.39,-0.02,Downtrend,🟠 Volatile,22.6,5.57,0.71,14.7,67.14,110.43,8.94,0.2,₹368,19.03,,,32.37,"38 articles, dominant topic: corporate_actions. Max Healthcare Share Price - Live NSE: MAXHEALTH Stock Price & Chart - Upstox (mostly corporate_actions-related coverage, no strong signal)",Neutral,"Upstox, Kalkine India, simplywall.st",✓ Strong REV GROWTH 19.0% | ✓ Deeply oversold RSI (22.6),✗ High debt (32.4x) | ✗ Expensive PE (67.1x) | ✗ Expensive P/B (8.9x),8,3,15,26,❌ WAIT,> ₹404,WATCH
2026-09-30,2026-09,NATCOPHARM,Healthcare,Drug Manufacturers - Specialty & Generic,QUALITY_GROWTH,Medium,Long-term Growth,"₹15,438 Cr",789.0,827.5,1226.8,-32.55%,-1.85,-1.21,-2.56,-11.0,-19.41,Strong Downtrend,🟡 Consolidating,54.5,1.41,1.01,63.05,13.43,514.92,1.64,0.71,"₹1,576",-8.32,,,7.74,"41 articles, dominant topic: earnings. NATCO Pharma Limited (NSE:NATCOPHARM) Looks Like A Good Stock, And It's Going Ex-Dividend Soon - simplywall.st (mostly earnings-related coverage, no strong signal)",Neutral,"simplywall.st, Kalkine India, TradingView",✓ Attractive PE (13.4x) | ✓ Attractive P/B (1.6x),✗ Poor REV GROWTH -8.3% | ✗ High debt (7.7x) | ✗ Below 200-day MA — long-term trend broken,0,27,3,30,🔎 INVESTIGATE WHY,"< ₹1,261",WATCH
2026-09-30,2026-09,ITBEES,,,ETF,Low-Medium,Index / Allocation,,28.55,30.86,44.27,-30.29%,-1.18,-2.86,-10.08,3.07,-7.96,Strong Downtrend,🟡 Consolidating,31.3,1.21,0.75,,17.36,,,,₹36,,,,,"10 articles, dominant topic: dividends. Nippon India ETF Nifty IT (ITBEES) Share Price - businesstoday.in (mostly dividends-related coverage, no strong signal)",Neutral,"businesstoday.in, TechGraph, TradingView",✓ Oversold RSI (31.3) — good entry | ✓ Broad index / asset allocation,✗ Below 200-day MA — long-term trend broken,30,20,10,60,🟢 ACCUMULATE,₹28 – ₹32,ACCUMULATE
2026-09-30,2026-09,FORTIS,Healthcare,Medical Care Facilities,QUALITY_GROWTH,Medium,Long-term Growth,"₹61,895 Cr",766.8,770.0,1104.3,-30.27%,-6.33,-13.87,-15.85,-20.91,-4.62,Strong Downtrend,🟠 Volatile,14.2,4.23,0.81,13.79,59.45,131.07,6.25,0.12,₹345,17.14,,,34.15,"62 articles, dominant topic: earnings. FORTIS Forecast — Price Target — Prediction for 2027 - TradingView (bullish signals: beats estimates, profit rises, upgrade)",Bullish (4/10),"TradingView, AD HOC NEWS, simplywall.st",✓ Strong REV GROWTH 17.1% | ✓ Deeply oversold RSI (14.2) | ✓ Bullish news signal (4/10) — positive momentum,✗ High debt (34.1x) | ✗ Expensive PE (59.5x) | ✗ Below 200-day MA — long-term trend broken,8,6,17,31,❌ WAIT,> ₹379,WATCH
2026-09-30,2026-09,CDSL,Financial Services,Capital Markets,FINANCIAL_CAPITAL_MARKETS,High,Market-sensitive,"₹26,627 Cr",1116.3,1264.0,1673.7,-24.48%,0.17,-6.45,-9.13,-5.56,5.83,Downtrend,🟡 Consolidating,34.5,0.77,1.7,22.04,57.8,93.77,13.59,1.0,₹441,5.79,,,0.11,"100 articles, dominant topic: regulatory. Central Depository Services (India) Ltd Share Price Today,, CDSL Share Price NSE, BSE - businesstoday.in (bullish signals: record high; bearish signals: downgrade, penalty, profit falls)",Bearish (4/10),"businesstoday.in, simplywall.st, India Infoline",✓ Oversold RSI (34.5) — good entry,✗ Expensive PE (57.8x) | ✗ Below 200-day MA — long-term trend broken | ✗ Bearish news signal (4/10) — negative momentum,2,8,8,18,❌ WAIT,> ₹485,AVOID
2026-09-30,2026-09,CAMS,Technology,Information Technology Services,FINANCIAL_CAPITAL_MARKETS,High,Market-sensitive,"₹16,743 Cr",611.4,671.0,844.9,-20.58%,0.75,-7.31,-10.77,-15.25,1.28,Downtrend,🟡 Consolidating,33.2,1.64,1.23,19.43,34.69,53.27,12.65,1.9,₹389,6.59,,,4.86,"58 articles, dominant topic: corporate_actions. CAMS Forecast — Price Target — Prediction for 2027 - TradingView (bearish signals: penalty, stake sale)",Bearish (3/10),"TradingView, Kalkine India, Moneycontrol.com",✓ Oversold RSI (33.2) — good entry,✗ Below 200-day MA — long-term trend broken | ✗ Bearish news signal (3/10) — negative momentum,2,13,8,23,❌ WAIT,> ₹427,WATCH
2026-09-30,2026-09,ACC,Basic Materials,Building Materials,INDUSTRIAL_CAPEX,High,Cyclical,"₹22,591 Cr",1188.1,1204.1,1987.0,-39.4%,0.12,-3.78,-5.36,-13.61,-11.09,Strong Downtrend,🟡 Consolidating,33.2,0.46,1.23,101.38,11.87,1094.35,1.1,0.62,"₹2,028",20.24,,,2.08,"48 articles, dominant topic: corporate_actions. Why Is ACC Share Price Falling: Key Reasons and Investor Analysis 2026 - Univest (mostly corporate_actions-related coverage, no strong signal)",Neutral,"Univest, Business Standard, simplywall.st",✓ Strong REV GROWTH 20.2% | ✓ Attractive PE (11.9x) | ✓ Attractive P/B (1.1x) | ✓ Oversold RSI (33.2) — good entry,✗ High debt (2.1x) | ✗ Below 200-day MA — long-term trend broken,11,25,10,46,🔎 INVESTIGATE WHY,"< ₹1,622",HOLD
2026-09-30,2026-09,CYIENT,Industrials,Conglomerates,INDUSTRIAL_CAPEX,High,Cyclical,"₹11,115 Cr",750.3,1100.7,1222.0,-9.93%,4.3,2.66,-5.49,23.63,35.36,Strong Uptrend,🟠 Volatile,54.8,5.08,1.09,34.05,31.36,514.32,2.08,3.0,₹681,-1.25,,,7.53,"60 articles, dominant topic: earnings. Cyient Limited Just Missed Earnings - But Analysts Have Updated Their Models - simplywall.st (mostly earnings-related coverage, no strong signal)",Neutral,"simplywall.st, Univest, Kalkine India",✓ Good dividend yield (3.0%) | ✓ Volume spike 5.1x on uptrend,✗ Poor REV GROWTH -1.2% | ✗ High debt (7.5x),0,16,18,34,❌ WAIT,> ₹749,WATCH
2026-09-30,2026-09,TIINDIA,Industrials,Conglomerates,INDUSTRIAL_CAPEX,High,Cyclical,"₹47,040 Cr",2164.9,2375.0,3335.2,-28.79%,-1.57,-7.9,-14.05,-20.15,-8.0,Strong Downtrend,🟠 Volatile,18.2,3.26,1.09,30.74,79.05,400.48,6.07,0.14,₹615,17.48,,,5.36,"34 articles, dominant topic: dividends. TIINDIA Forecast — Price Target — Prediction for 2027 - TradingView (mostly dividends-related coverage, no strong signal)",Neutral,"TradingView, Yahoo Finance, simplywall.st",✓ Strong REV GROWTH 17.5% | ✓ Deeply oversold RSI (18.2),✗ High debt (5.4x) | ✗ Expensive PE (79.0x) | ✗ Expensive P/B (6.1x),8,4,15,27,❌ WAIT,> ₹676,WATCH
2026-09-30,2026-09,IT,,,DEFAULT,,,,28.54,30.83,44.49,-30.7%,-1.53,-2.99,-10.17,3.04,-8.27,Strong Downtrend,🟡 Consolidating,32.7,0.71,0.72,,17.54,,,,₹35,,,,,"100 articles, dominant topic: dividends. NSE Share Price Falls Below IPO Issue Price: Why the Stock Is Tumbling and What It Means for Investors - Outlook Money (bullish signals: outperform; bearish signals: cuts guidance)",Neutral,"Outlook Money, bbc.com, NDTV",✓ Attractive PE (17.5x) | ✓ Oversold RSI (32.7) — good entry,✗ Below 200-day MA — long-term trend broken,0,15,10,25,❌ WAIT,₹28 – ₹32,WATCH
2026-09-30,2026-09,MAHKTECH,,,DEFAULT,,,,21.0,21.89,35.59,-38.49%,-0.23,-0.55,-3.65,0.64,-3.06,Strong Downtrend,🟡 Consolidating,31.0,0.43,0.52,,17.95,,,,₹24,,,,,"9 articles, dominant topic: dividends. MAHKTECH ETF Price and Chart — NSE:MAHKTECH - TradingView (mostly dividends-related coverage, no strong signal)",Neutral,"TradingView, Upstox, Yahoo Finance Singapore",✓ Attractive PE (17.9x) | ✓ Oversold RSI (31.0) — good entry,✗ Below 200-day MA — long-term trend broken,0,15,10,25,❌ WAIT,₹20 – ₹22,WATCH
2026-09-30,2026-09,POLICYBZR,Financial Services,Insurance Brokers,FINANCIAL_INSURANCE,Low-Medium,Defensive,"₹50,508 Cr",1077.0,1063.9,1964.2,-45.84%,-1.58,-43.6,-41.84,-33.14,-27.63,Downtrend,🟡 Consolidating,19.5,1.38,1.08,15.89,68.79,158.22,6.91,,₹316,36.5,,,4.92,"34 articles, dominant topic: earnings. PB Fintech NSE:POLICYBZR Share Recovery and Analyst Outlook - Kalkine India (mostly earnings-related coverage, no strong signal)",Neutral,"Kalkine India, TradingView, simplywall.st",✓ Strong REV GROWTH 36.5% | ✓ Deeply oversold RSI (19.5),✗ Expensive P/B (6.9x) | ✗ Below 200-day MA — long-term trend broken,20,2,15,37,❌ WAIT,> ₹348,HOLD
2026-09-30,2026-09,GOLDBEES,,,ETF,Low-Medium,Index / Allocation,,95.32,121.59,148.14,-17.92%,0.35,-2.73,-4.5,3.31,0.84,Downtrend,🟡 Consolidating,35.6,1.19,0.72,,,,,,,,,,,"10 articles, dominant topic: general. GOLDBEES Share Price Today - Nippon India ETF Gold Bees Stock Analysis - equitypandit.com (mostly general-related coverage, no strong signal)",Neutral,"equitypandit.com, HDFC Sky, CNBC TV18",✓ Oversold RSI (35.6) — good entry | ✓ Broad index / asset allocation,✗ Below 200-day MA — long-term trend broken,30,20,10,60,🟢 ACCUMULATE,,ACCUMULATE
2026-09-30,2026-09,DIXON,Technology,Consumer Electronics,QUALITY_GROWTH,Medium,Long-term Growth,"₹82,739 Cr",9600.0,13100.0,17505.0,-25.16%,-1.13,-0.76,-9.34,5.25,31.0,Uptrend,🔵 Pullback,42.0,0.84,1.45,312.36,43.57,897.73,15.16,0.07,"₹7,809",25.77,,,18.46,"100 articles, dominant topic: earnings. Dixon Technologies (India) Limited (DIXON.NS) Stock Price, News, Quote & History - Yahoo! Finance Canada (bullish signals: outperform, strong growth, upgrade; bearish signals: downgrade)",Bullish (5/10),"Yahoo! Finance Canada, AD HOC NEWS, Moneycontrol.com",✓ Strong REV GROWTH 25.8% | ✓ Bullish news signal (5/10) — positive momentum,✗ High debt (18.5x) | ✗ Expensive P/B (15.2x),10,6,17,33,❌ WAIT,"> ₹8,590",WATCH
2026-09-30,2026-09,NIFTYBEES,,,ETF,Low-Medium,Index / Allocation,,251.7,258.5,302.25,-14.47%,-0.76,-3.05,-5.96,-5.75,0.35,Strong Downtrend,🟡 Consolidating,23.5,1.44,0.93,,19.77,,,,₹262,,,,,"11 articles, dominant topic: dividends. Nippon India ETF Nifty BeES ETF Price Today (NIFTYBEES.NS) | NSE/BSE - TechGraph (mostly dividends-related coverage, no strong signal)",Neutral,"TechGraph, HDFC Sky, TradingView",✓ Deeply oversold RSI (23.5) | ✓ Broad index / asset allocation,✗ Below 200-day MA — long-term trend broken,30,20,15,65,🟢 ACCUMULATE,₹235 – ₹262,ACCUMULATE
2026-09-30,2026-09,BANKBEES,,,ETF,Low-Medium,Index / Allocation,,515.98,567.42,638.99,-11.2%,0.37,-2.76,-4.73,-5.44,6.57,Downtrend,🟡 Consolidating,30.5,0.8,1.1,,13.56,,,,₹837,,,,,"6 articles, dominant topic: general. Nippon India ETF Bank BeES ETF Price Today (BANKBEES.NS) | NSE/BSE - TechGraph (mostly general-related coverage, no strong signal)",Neutral,"TechGraph, TradingView, HDFC Sky",✓ Oversold RSI (30.5) — good entry | ✓ Broad index / asset allocation,✗ Below 200-day MA — long-term trend broken,30,20,10,60,🟢 ACCUMULATE,< ₹670,ACCUMULATE
2026-09-30,2026-09,VEDL,Basic Materials,Other Industrial Metals & Mining,COMMODITY_CYCLICAL,Very High,Cyclical,"₹1,00,471 Cr",249.7,259.0,795.0,-67.42%,-0.38,-4.43,-5.47,-7.63,-62.46,Strong Downtrend,🟡 Consolidating,41.1,1.29,1.21,22.14,11.62,127.16,2.02,13.21,₹177,24.46,,,48.04,"45 articles, dominant topic: dividends. Vedanta Limited (NSE: VEDL) Revises ESOP 2026 Structure With Performance-Linked Vesting - Kalkine India (mostly dividends-related coverage, no strong signal)",Neutral,"Kalkine India, simplywall.st, NiftyTrader",✓ Strong REV GROWTH 24.5% | ✓ Good dividend yield (13.2%),✗ High debt (48.0x) | ✗ Below 200-day MA — long-term trend broken,10,17,5,32,❌ WAIT,> ₹195,WATCH
2026-09-30,2026-09,HINDPETRO,Energy,Oil & Gas Refining & Marketing,COMMODITY_CYCLICAL,Very High,Cyclical,"₹73,750 Cr",316.2,350.35,508.45,-31.09%,0.33,-2.68,-3.51,-7.73,12.3,Strong Downtrend,🟡 Consolidating,47.8,0.71,1.59,7.67,45.19,308.04,1.13,7.0,₹61,0.99,,,85.37,"45 articles, dominant topic: dividends. Hindustan Petroleum Corp Share Price - Live NSE: HINDPETRO Stock Price & Chart - Upstox (bullish signals: buy rating)",Neutral,"Upstox, TradingView, simplywall.st",✓ Good dividend yield (7.0%),✗ High debt (85.4x) | ✗ Expensive PE (45.2x) | ✗ Below 200-day MA — long-term trend broken,3,16,5,24,❌ WAIT,> ₹67,WATCH
2026-09-30,2026-09,RECLTD,Financial Services,Credit Services,INDUSTRIAL_CAPEX,High,Cyclical,,292.2,299.0,390.3,-23.39%,2.24,-4.01,-4.79,-16.8,-7.25,Strong Downtrend,🟡 Consolidating,37.1,1.11,1.22,58.89,4.98,319.8,0.92,2.11,"₹1,178",-0.3,,,607.46,"32 articles, dominant topic: corporate_actions. Individual investors own 24% of REC Limited (NSE:RECLTD) shares but public companies control 53% of the company - simplywall.st (mostly corporate_actions-related coverage, no strong signal)",Neutral,"simplywall.st, Univest, HDFC Sky",✓ Attractive PE (5.0x) | ✓ Attractive P/B (0.9x) | ✓ Good dividend yield (2.1%) | ✓ Oversold RSI (37.1) — good entry,✗ Poor REV GROWTH -0.3% | ✗ High debt (607.5x) | ✗ Below 200-day MA — long-term trend broken,0,30,10,40,🔎 INVESTIGATE WHY,< ₹942,HOLD
2026-09-30,2026-09,BSE,Financial Services,Financial Data & Stock Exchanges,FINANCIAL_CAPITAL_MARKETS,High,Market-sensitive,"₹1,25,575 Cr",2038.0,3092.0,4446.8,-30.47%,-3.38,-5.46,-4.63,-18.77,3.95,Downtrend,🟡 Consolidating,37.6,1.2,1.39,71.04,43.52,194.17,15.92,0.32,"₹1,421",63.84,,,,"100 articles, dominant topic: regulatory. Stock market holidays: BSE, NSE to remain closed for straight 3 days this week; check key dates for closures in October - ET Now (bearish signals: penalty)",Neutral,"ET Now, tradebrains.in, Goodreturns",✓ Strong REV GROWTH 63.8% | ✓ Oversold RSI (37.6) — good entry,✗ Expensive PE (43.5x) | ✗ Below 200-day MA — long-term trend broken,8,3,10,21,❌ WAIT,"> ₹1,563",WATCH
2026-09-30,2026-09,LUPIN,Healthcare,Drug Manufacturers - Specialty & Generic,QUALITY_GROWTH,Medium,Long-term Growth,"₹92,839 Cr",1900.0,2030.2,2529.5,-19.74%,-1.07,-3.45,-5.7,-17.41,-10.31,Strong Downtrend,🟡 Consolidating,41.9,1.67,0.51,120.66,16.83,491.02,4.13,0.89,"₹3,016",23.86,,,29.39,"68 articles, dominant topic: dividends. Why You Might Be Interested In Lupin Limited (NSE:LUPIN) For Its Upcoming Dividend - simplywall.st (bearish signals: downgrade)",Neutral,"simplywall.st, Moneycontrol.com, NiftyTrader",✓ Strong REV GROWTH 23.9% | ✓ Attractive PE (16.8x),✗ High debt (29.4x) | ✗ Below 200-day MA — long-term trend broken,10,24,5,39,❌ WAIT,"< ₹2,413",HOLD
2026-09-30,2026-09,CANBK,Financial Services,Banks - Regional,FINANCIAL_BANK,Medium,Financial,"₹1,13,673 Cr",117.5,119.44,162.89,-26.67%,-0.06,-5.21,-4.9,-6.09,-5.46,Strong Downtrend,🟡 Consolidating,32.1,1.09,1.39,22.45,5.58,129.76,0.97,3.35,₹195,-9.86,,,,"43 articles, dominant topic: earnings. Canara Bank Share Price - Live NSE: CANBK Stock Price & Chart - Upstox (bullish signals: profit rises)",Neutral,"Upstox, Univest, simplywall.st",✓ Attractive P/B (1.0x) | ✓ Good dividend yield (3.4%) | ✓ Oversold RSI (32.1) — good entry,✗ Poor REV GROWTH -9.9% | ✗ Below 200-day MA — long-term trend broken,0,30,10,40,🔎 INVESTIGATE WHY,< ₹156,HOLD
